t_s,L_angle_deg,R_angle_deg,L_cmd_Nm,R_cmd_Nm,L_est_Nm,R_est_Nm,L_vel_dps,R_vel_dps,L_pwr_W,R_pwr_W,gait_freq_Hz
515.970,-27.160,8.440,-3.9300,3.9300,0.0000,0.0000,-9.000,106.500,0.6173,7.3050,0.900
516.020,-25.320,13.040,-2.7600,2.7600,0.0000,0.0000,65.100,108.500,-3.1359,5.2266,0.900
516.070,-20.840,18.590,-0.4400,0.4400,0.0000,0.0000,107.700,107.200,-0.8271,0.8232,0.900
516.120,-18.950,20.420,1.6800,-1.6800,0.0000,0.0000,-53.800,10.400,-1.5775,-0.3049,0.900
516.170,-21.190,18.990,3.6300,-3.6300,0.0000,0.0000,-68.800,-60.900,-4.3589,3.8583,0.900
516.220,-21.910,12.710,5.2200,-5.2200,0.0000,0.0000,75.500,-175.200,6.8785,15.9618,0.900
516.270,-19.170,4.030,6.1800,-6.1800,0.0000,0.0000,91.600,-202.600,9.8801,21.8527,0.900
516.320,-14.510,-5.230,6.7000,-6.7000,0.0000,0.0000,137.400,-188.800,16.0672,22.0777,0.900
516.370,-9.640,-13.280,6.5500,-6.5500,0.0000,0.0000,78.100,-157.000,8.9283,17.9481,0.900
516.420,-5.310,-19.690,6.8300,-6.8300,0.0000,0.0000,101.500,-126.400,12.0994,15.0676,0.900
516.470,-1.460,-24.560,6.5700,-6.5700,0.0000,0.0000,93.900,-80.700,10.7673,9.2537,0.900
516.520,3.190,-25.920,4.8800,-4.8800,0.0000,0.0000,82.800,10.700,7.0522,-0.9113,0.900
516.570,7.580,-22.960,2.8400,-2.8400,0.0000,0.0000,105.300,101.300,5.2194,-5.0212,0.900
516.620,12.850,-19.210,0.7300,-0.7300,0.0000,0.0000,97.500,141.100,1.2422,-1.7977,0.900
516.670,14.820,-17.040,-1.7100,1.7100,0.0000,0.0000,18.200,-92.500,-0.5432,-2.7607,0.900
516.720,15.040,-20.730,-3.3100,3.3100,0.0000,0.0000,-3.500,-48.300,0.2022,-2.7903,0.900
516.770,10.790,-17.730,-4.5100,4.5100,0.0000,0.0000,-123.500,102.100,9.7212,8.0367,0.900
516.820,1.440,-16.870,-5.1200,5.1200,0.0000,0.0000,-176.600,-11.200,15.7811,-1.0008,0.900
516.870,-4.870,-11.650,-5.4000,5.4000,0.0000,0.0000,-154.100,112.700,14.5236,10.6217,0.900
516.920,-11.850,-6.530,-5.1100,5.1100,0.0000,0.0000,-146.500,100.400,13.0658,8.9543,0.900
516.970,-19.540,-1.700,-5.5100,5.5100,0.0000,0.0000,-127.000,104.800,12.2133,10.0784,0.900
517.020,-23.920,2.910,-6.0300,6.0300,0.0000,0.0000,-105.500,88.600,11.1032,9.3246,0.900
517.070,-26.660,6.950,-4.5600,4.5600,0.0000,0.0000,-25.300,97.500,2.0136,7.7597,0.900
517.120,-25.420,10.570,-3.0400,3.0400,0.0000,0.0000,50.900,98.800,-2.7007,5.2421,0.900
517.170,-20.650,16.720,-0.7600,0.7600,0.0000,0.0000,91.000,102.900,-1.2071,1.3649,0.900
517.220,-19.500,19.120,1.3100,-1.3100,0.0000,0.0000,-40.000,15.500,-0.9146,-0.3544,0.900
517.270,-21.700,19.300,3.5900,-3.5900,0.0000,0.0000,-54.400,4.200,-3.4086,-0.2632,0.900
517.320,-23.220,16.420,5.0900,-5.0900,0.0000,0.0000,71.500,-109.100,6.3519,9.6921,0.900
517.370,-20.550,11.110,5.8600,-5.8600,0.0000,0.0000,32.800,-173.500,3.3547,17.7449,0.900
517.420,-17.380,0.880,6.2600,-6.2600,0.0000,0.0000,113.100,-187.100,12.3570,20.4421,0.900
517.470,-11.760,-7.830,6.5300,-6.5300,0.0000,0.0000,102.400,-175.500,11.6705,20.0017,0.900
517.520,-7.980,-15.210,6.7600,-6.7600,0.0000,0.0000,83.600,-153.000,9.8635,18.0516,0.900
517.570,-3.540,-20.260,7.1500,-7.1500,0.0000,0.0000,90.100,-130.700,11.2437,16.3102,0.900
517.620,0.660,-25.120,6.3400,-6.3400,0.0000,0.0000,87.300,-43.700,9.6601,4.8356,0.900
517.670,5.590,-24.610,4.6900,-4.6900,0.0000,0.0000,95.600,40.200,7.8254,-3.2906,0.900
517.720,9.570,-20.550,2.6400,-2.6400,0.0000,0.0000,116.500,116.700,5.3679,-5.3771,0.900
517.770,14.470,-14.640,-0.5000,0.5000,0.0000,0.0000,77.300,77.800,-0.6746,0.6789,0.900
517.820,15.770,-16.730,-2.3400,2.3400,0.0000,0.0000,12.000,-84.000,-0.4901,-3.4306,0.900
517.870,13.820,-20.080,-3.9300,3.9300,0.0000,0.0000,-82.500,-5.500,5.6588,-0.3773,0.900
517.920,8.470,-17.460,-4.8100,4.8100,0.0000,0.0000,-171.900,66.000,14.4311,5.5407,0.900
517.970,0.170,-16.260,-5.1500,5.1500,0.0000,0.0000,-180.000,62.000,16.1792,5.5728,0.900
518.020,-7.950,-11.760,-5.1100,5.1100,0.0000,0.0000,-161.800,130.600,14.4303,11.6477,0.900
518.070,-13.850,-6.160,0.0000,0.0000,0.0000,0.0000,-152.300,92.700,-0.0000,0.0000,0.900
518.130,-21.280,0.030,0.0000,0.0000,0.0000,0.0000,-122.600,108.900,-0.0000,0.0000,0.900
518.180,-26.480,4.350,0.0000,0.0000,0.0000,0.0000,-65.600,77.400,-0.0000,0.0000,0.880
518.230,-27.030,9.120,0.0000,0.0000,0.0000,0.0000,18.600,98.000,0.0000,0.0000,0.880
518.280,-24.000,14.650,0.0000,0.0000,0.0000,0.0000,92.000,136.700,0.0000,0.0000,0.880
518.330,-18.650,19.390,0.0000,0.0000,0.0000,0.0000,82.000,62.700,0.0000,0.0000,0.880
518.380,-20.190,19.830,0.0000,0.0000,0.0000,0.0000,-68.700,0.200,-0.0000,0.0000,0.880
518.430,-23.070,17.600,-0.0100,-0.3800,0.0000,0.0000,-69.000,-87.100,0.0120,0.5777,0.880
518.480,-21.610,10.580,0.0000,-0.6900,0.0000,0.0000,70.200,-188.400,0.0000,2.2689,0.880
518.530,-18.600,-0.170,0.0000,-2.0900,0.0000,0.0000,111.100,-192.900,0.0000,7.0365,0.880
518.580,-11.740,-7.440,0.0000,-3.7000,0.0000,0.0000,95.200,-186.300,0.0000,12.0307,0.880
518.630,-8.600,-15.220,0.0000,-5.1100,0.0000,0.0000,80.700,-153.700,0.0000,13.7079,0.880
518.680,-3.770,-21.360,0.0000,-6.1600,0.0000,0.0000,100.800,-121.100,0.0000,13.0197,0.880
518.730,0.500,-25.460,0.0000,-6.9500,0.0000,0.0000,82.700,-59.600,0.0000,7.2295,0.880
518.780,5.240,-25.710,0.0000,-7.3400,0.0000,0.0000,99.400,34.100,0.0000,-4.3685,0.880
518.830,9.440,-21.410,0.0000,-4.2000,0.0000,0.0000,121.500,132.500,0.0000,-9.7128,0.880
518.880,14.140,-14.650,0.0000,-0.8600,0.0000,0.0000,60.300,10.900,0.0000,-0.1636,0.880
518.930,15.230,-17.500,0.0000,0.3900,0.0000,0.0000,8.200,-100.800,0.0000,-0.6861,0.880
518.980,13.990,-20.300,-0.3800,1.4800,0.0000,0.0000,-58.300,32.900,0.3867,0.8498,0.880
519.030,8.110,-17.590,-0.3800,2.6400,0.0000,0.0000,-166.900,27.000,1.1069,1.2441,0.880
519.080,-0.550,-15.350,-1.4200,3.3100,0.0000,0.0000,-176.500,101.700,4.3743,5.8752,0.880
519.130,-8.190,-10.230,-2.5300,3.6300,0.0000,0.0000,-145.000,133.200,6.4027,8.4389,0.880
519.180,-14.970,-4.180,-3.7900,2.2700,0.0000,0.0000,-134.500,97.200,8.8969,3.8510,0.880
519.230,-19.910,1.340,-4.7400,1.0100,0.0000,0.0000,-129.500,84.200,10.7134,1.4843,0.880
519.280,-26.930,4.000,-5.6700,0.9400,0.0000,0.0000,-71.800,69.600,7.1053,1.1419,0.910
519.330,-27.560,6.690,-6.0100,0.5200,0.0000,0.0000,9.700,88.100,-1.0175,0.7996,0.910
519.380,-25.120,11.920,-4.3200,0.2300,0.0000,0.0000,72.000,113.700,-5.4287,0.4564,0.910
519.430,-20.500,16.250,-1.1600,0.1000,0.0000,0.0000,95.800,113.300,-1.9395,0.1977,0.910
519.480,-20.160,19.190,0.1200,0.0500,0.0000,0.0000,-40.600,19.300,-0.0850,0.0168,0.910
519.530,-22.230,18.640,1.5100,-0.1600,0.0000,0.0000,-58.200,-36.900,-1.5338,0.1030,0.910
519.580,-23.810,12.260,2.1700,-0.6300,0.0000,0.0000,-54.400,-161.300,-2.0603,1.7736,0.910
519.630,-20.370,9.280,2.7800,-2.2600,0.0000,0.0000,61.200,-187.900,2.9694,7.4116,0.910
519.680,-16.080,-3.190,3.0800,-3.9100,0.0000,0.0000,138.700,-192.600,7.4560,13.1435,0.910
519.730,-10.840,-11.320,1.6200,-5.2900,0.0000,0.0000,83.100,-157.600,2.3496,14.5509,0.910
519.780,-6.770,-17.700,0.7200,-6.3100,0.0000,0.0000,98.600,-133.500,1.2390,14.7024,0.910
519.830,-0.960,-23.070,0.5400,-7.0800,0.0000,0.0000,92.500,-98.300,0.8718,12.1469,0.910
519.880,2.140,-25.540,0.2400,-7.6100,0.0000,0.0000,81.700,-13.700,0.3422,1.8196,0.910
519.930,6.660,-22.900,0.1600,-7.2600,0.0000,0.0000,107.400,90.600,0.2999,-11.4800,0.910
519.980,13.050,-18.160,0.0700,-2.0300,0.0000,0.0000,101.600,133.400,0.1241,-4.7264,0.910
520.030,15.350,-14.620,0.0300,0.7000,0.0000,0.0000,33.600,79.500,0.0176,0.9713,0.910
520.080,15.790,-18.450,0.0100,1.5000,0.0000,0.0000,1.300,-91.700,0.0002,-2.4007,0.910
520.130,12.880,-18.160,-0.2200,2.5700,0.0000,0.0000,-105.500,82.600,0.4051,3.7050,0.910
520.180,3.920,-16.830,-0.8800,3.3400,0.0000,0.0000,-188.800,-6.100,2.8998,-0.3556,0.910
520.230,-2.680,-12.940,-2.2600,3.7600,0.0000,0.0000,-166.300,127.300,6.5596,8.3540,0.910
520.280,-10.450,-7.420,-3.6300,2.7800,0.0000,0.0000,-166.100,109.800,10.5233,5.3275,0.910
520.330,-18.720,-2.580,-4.6700,1.2300,0.0000,0.0000,-133.800,106.400,10.9056,2.2841,0.910
520.380,-23.470,-0.340,-5.2100,0.6300,0.0000,0.0000,-115.600,115.700,10.5117,1.2722,0.880
520.430,-27.240,6.940,-5.7600,0.6900,0.0000,0.0000,-48.000,105.600,4.8255,1.2717,0.880
520.480,-26.830,11.350,-6.0300,0.3100,0.0000,0.0000,36.700,100.000,-3.8624,0.5411,0.880
520.530,-22.210,16.710,-2.6400,0.1400,0.0000,0.0000,107.400,130.700,-4.9486,0.3194,0.880
520.580,-18.590,20.260,-0.1800,0.0600,0.0000,0.0000,17.500,29.800,-0.0550,0.0312,0.880
520.630,-20.500,20.000,0.5100,0.0200,0.0000,0.0000,-59.300,-12.100,-0.5278,-0.0042,0.880
520.680,-23.880,15.620,1.6300,-0.2300,0.0000,0.0000,28.600,-128.300,0.8136,0.5150,0.880
520.730,-22.170,9.840,2.3400,-1.1000,0.0000,0.0000,61.000,-183.000,2.4913,3.5133,0.880
520.780,-20.580,-0.720,2.7900,-2.6600,0.0000,0.0000,90.900,-186.000,4.4263,8.6352,0.880
520.830,-12.340,-9.260,3.0000,-4.2900,0.0000,0.0000,104.600,-172.500,5.4768,12.9159,0.880
520.880,-7.220,-16.140,1.3300,-5.6300,0.0000,0.0000,98.500,-140.600,2.2865,13.8156,0.880
520.930,-3.220,-21.630,0.5900,-6.6000,0.0000,0.0000,97.100,-109.300,0.9999,12.5905,0.880
520.980,0.080,-24.650,0.6900,-7.2100,0.0000,0.0000,83.700,-29.800,1.0080,3.7500,0.880
521.030,6.150,-23.830,0.3000,-7.5600,0.0000,0.0000,101.700,47.900,0.5325,-6.3203,0.880
521.080,10.570,-19.160,0.1400,-3.3500,0.0000,0.0000,127.200,123.200,0.3108,-7.2033,0.880
521.130,14.590,-14.240,0.0600,-0.2900,0.0000,0.0000,43.700,18.400,0.0458,-0.0931,0.880
521.180,14.950,-16.970,0.0300,0.4700,0.0000,0.0000,1.200,-77.200,0.0006,-0.6333,0.880
521.230,11.680,-18.910,-0.4800,1.7100,0.0000,0.0000,-105.000,6.300,0.8796,0.1880,0.880
521.280,6.040,-16.170,-0.4700,2.8400,0.0000,0.0000,-180.200,4.300,1.4782,0.2131,0.880
521.330,-2.400,-12.860,-1.4700,3.4700,0.0000,0.0000,-166.700,128.200,4.2769,7.7642,0.880
521.380,-9.940,-7.990,-2.7800,3.7600,0.0000,0.0000,-155.300,124.600,7.5352,8.1768,0.880
521.430,-17.000,-3.250,-3.9400,1.6700,0.0000,0.0000,-140.100,94.100,9.6341,2.7427,0.880
521.480,-23.030,1.670,-4.9300,0.6400,0.0000,0.0000,-116.100,96.800,9.9898,1.0813,0.910
521.530,-27.340,5.710,-5.6400,0.8700,0.0000,0.0000,-66.000,80.800,6.4968,1.2269,0.910
521.580,-27.240,9.740,-5.8200,0.4500,0.0000,0.0000,36.500,83.400,-3.7076,0.6550,0.910
521.630,-24.560,13.170,-2.9300,0.2000,0.0000,0.0000,90.500,110.400,-4.6280,0.3854,0.910
521.680,-19.300,20.000,-0.4600,0.0900,0.0000,0.0000,87.200,60.200,-0.7001,0.0946,0.910
521.730,-21.640,20.590,0.4100,0.0400,0.0000,0.0000,-99.500,13.200,-0.7120,0.0092,0.910
521.790,-24.460,17.930,1.5500,-0.1100,0.0000,0.0000,-69.500,-100.500,-1.8802,0.1929,0.910
521.840,-23.220,12.350,2.3200,-1.1200,0.0000,0.0000,21.100,-168.300,0.8544,3.2899,0.910
521.890,-20.220,2.180,2.8000,-2.8900,0.0000,0.0000,112.200,-192.100,5.4831,9.6895,0.910
521.940,-12.910,-6.670,2.6600,-4.5500,0.0000,0.0000,113.000,-176.100,5.2461,13.9845,0.910
521.990,-9.290,-13.760,1.1800,-5.8700,0.0000,0.0000,87.500,-152.600,1.8021,15.6340,0.910
522.040,-4.090,-19.960,0.5300,-6.8200,0.0000,0.0000,111.200,-125.900,1.0286,14.9861,0.910
522.090,0.670,-24.210,0.4700,-7.5000,0.0000,0.0000,90.300,-55.700,0.7407,7.2911,0.910
522.140,4.740,-24.490,0.2400,-7.9500,0.0000,0.0000,103.700,28.900,0.4344,-4.0100,0.910
522.190,9.800,-20.670,0.1100,-4.4800,0.0000,0.0000,110.000,113.000,0.2112,-8.8356,0.910
522.240,14.030,-14.450,0.0500,-0.6000,0.0000,0.0000,62.000,110.400,0.0541,-1.1561,0.910
522.290,14.810,-15.450,0.0200,1.2500,0.0000,0.0000,1.300,-91.200,0.0005,-1.9897,0.910
522.340,14.050,-18.950,-0.2000,1.8000,0.0000,0.0000,-43.800,-5.400,0.1529,-0.1696,0.910
522.390,7.140,-16.350,-0.3300,2.9700,0.0000,0.0000,-174.400,72.300,1.0045,3.7478,0.910
522.440,-1.430,-14.920,-1.4700,3.6600,0.0000,0.0000,-178.200,101.600,4.5720,6.4901,0.910
522.490,-9.180,-9.210,-2.8900,3.9700,0.0000,0.0000,-147.000,118.900,7.4147,8.2385,0.910
522.540,-16.350,-4.310,-4.1200,1.8900,0.0000,0.0000,-146.500,96.600,10.5345,3.1865,0.910
522.590,-22.470,0.770,-4.9000,0.8300,0.0000,0.0000,-119.600,101.000,10.2283,1.4631,0.900
522.640,-27.040,4.830,-5.5100,0.8700,0.0000,0.0000,-74.300,84.200,7.1453,1.2785,0.900
522.690,-27.860,8.070,-5.7800,0.4800,0.0000,0.0000,13.600,68.100,-1.3720,0.5705,0.900
522.740,-25.120,12.680,-3.3000,0.2100,0.0000,0.0000,80.400,124.800,-4.6307,0.4574,0.900
522.790,-19.980,18.500,-0.6100,0.0900,0.0000,0.0000,89.800,99.300,-0.9561,0.1560,0.900
522.840,-21.160,20.190,0.2300,0.0400,0.0000,0.0000,-69.900,17.000,-0.2806,0.0119,0.900
522.890,-24.190,20.100,1.4700,-0.1100,0.0000,0.0000,-60.600,-17.100,-1.5548,0.0328,0.900
522.940,-24.250,15.650,2.0600,-0.4900,0.0000,0.0000,53.700,-142.200,1.9307,1.2161,0.900
522.990,-21.710,6.210,2.6300,-2.4400,0.0000,0.0000,77.300,-200.700,3.5482,8.5470,0.900
523.040,-17.640,-2.890,2.8700,-4.1700,0.0000,0.0000,125.200,-188.200,6.2714,13.6972,0.900
523.090,-12.680,-11.090,1.2700,-5.5100,0.0000,0.0000,82.800,-158.900,1.8353,15.2810,0.900
523.140,-8.260,-17.530,0.5700,-6.5100,0.0000,0.0000,103.500,-131.200,1.0297,14.9071,0.900
523.190,-3.060,-21.780,0.6000,-7.2800,0.0000,0.0000,101.000,-105.400,1.0577,13.3921,0.900
523.240,1.220,-24.660,0.3700,-7.8500,0.0000,0.0000,81.500,-11.300,0.5263,1.5482,0.900
523.290,5.470,-23.100,0.2600,-7.9600,0.0000,0.0000,92.700,64.300,0.4207,-8.9331,0.900
523.340,10.780,-18.230,0.1100,-3.0700,0.0000,0.0000,126.200,112.100,0.2423,-6.0065,0.900
523.390,14.510,-14.010,0.0500,0.1800,0.0000,0.0000,39.700,-20.500,0.0346,-0.0644,0.900
523.440,14.900,-18.400,0.0300,0.4700,0.0000,0.0000,-9.000,-91.200,-0.0047,-0.7481,0.900
523.490,11.390,-17.890,-0.5300,1.6500,0.0000,0.0000,-114.600,106.200,1.0601,3.0583,0.900
523.540,1.770,-16.280,-0.4200,2.9200,0.0000,0.0000,-188.700,-46.300,1.3832,-2.3596,0.900
523.590,-4.910,-12.950,-1.2800,3.6500,0.0000,0.0000,-165.000,140.100,3.6861,8.9250,0.900
523.640,-12.590,-6.680,-2.5900,3.9800,0.0000,0.0000,-159.500,128.700,7.2100,8.9400,0.900
523.690,-19.120,-1.860,-3.7900,1.7700,0.0000,0.0000,-131.300,107.400,8.6852,3.3178,0.900
523.750,-25.820,4.170,-4.5400,0.9100,0.0000,0.0000,-104.100,94.500,8.2487,1.5009,0.890
523.800,-28.350,7.190,-5.1100,1.0500,0.0000,0.0000,-44.500,80.300,3.9688,1.4716,0.890
523.850,-27.900,11.910,-5.4000,0.8700,0.0000,0.0000,36.300,94.000,-3.4212,1.4273,0.890
523.910,-22.200,17.170,-2.7500,0.3900,0.0000,0.0000,117.900,121.000,-5.6588,0.8236,0.890
523.950,-19.260,19.710,-1.4900,0.2400,0.0000,0.0000,-13.200,68.200,0.3433,0.2857,0.890
524.010,-23.180,20.160,-1.0800,0.0900,0.0000,0.0000,-66.700,-28.300,1.2573,-0.0445,0.890
524.060,-24.300,15.240,0.4300,-0.2700,0.0000,0.0000,50.600,-140.700,0.3797,0.6630,0.890
524.110,-22.680,7.670,1.3900,-0.3300,0.0000,0.0000,17.200,-193.000,0.4173,1.1116,0.890
524.160,-17.850,-1.310,1.9700,-1.2200,0.0000,0.0000,144.200,-186.300,4.9580,3.9669,0.890
524.210,-12.230,-8.210,2.4000,-2.5200,0.0000,0.0000,90.000,-174.600,3.7699,7.6793,0.890
524.260,-8.790,-16.510,2.7100,-3.9100,0.0000,0.0000,93.700,-140.900,4.4319,9.6154,0.890
524.310,-1.370,-21.810,1.6900,-5.1400,0.0000,0.0000,100.300,-101.400,2.9585,9.0966,0.890
524.370,2.650,-24.970,0.7500,-6.3000,0.0000,0.0000,98.100,-11.500,1.2841,1.2645,0.890
524.420,7.300,-22.950,1.0400,-7.2300,0.0000,0.0000,102.200,82.500,1.8551,-10.4105,0.890
524.470,11.990,-17.250,0.4600,-4.3300,0.0000,0.0000,78.400,132.500,0.6294,-10.0134,0.890
524.520,14.060,-15.720,0.2100,-1.6300,0.0000,0.0000,23.800,-105.600,0.0872,3.0042,0.890
524.570,14.440,-19.650,0.0900,-2.2100,0.0000,0.0000,9.900,-65.300,0.0156,2.5187,0.890
524.620,11.080,-18.660,-0.6300,0.4900,0.0000,0.0000,-104.600,51.500,1.1501,0.4404,0.890
524.670,1.680,-17.530,-0.5000,2.0500,0.0000,0.0000,-186.400,24.400,1.6266,0.8730,0.890
524.720,-6.530,-15.260,-1.4500,2.9600,0.0000,0.0000,-155.700,111.400,3.9403,5.7551,0.890
524.770,-12.330,-7.140,-2.8400,3.5700,0.0000,0.0000,-146.800,97.500,7.2765,6.0751,0.890
524.820,-19.090,-2.290,-4.0000,1.8400,0.0000,0.0000,-136.800,109.300,9.5504,3.5101,0.890
524.870,-26.010,2.390,-4.8100,1.2200,0.0000,0.0000,-103.000,88.700,8.6469,1.8887,0.880
524.920,-28.410,5.970,-5.5200,1.3900,0.0000,0.0000,-41.200,81.000,3.9693,1.9651,0.880
524.970,-27.880,10.010,-5.4900,0.6200,0.0000,0.0000,35.400,92.300,-3.3920,0.9988,0.880
525.020,-23.340,15.060,-2.3400,0.2700,0.0000,0.0000,105.200,114.000,-4.2964,0.5372,0.880
525.070,-20.480,18.790,-0.3200,0.1200,0.0000,0.0000,-47.600,48.400,0.2658,0.1014,0.880
525.120,-22.910,19.120,0.3800,-0.0500,0.0000,0.0000,-71.500,6.800,-0.4742,-0.0059,0.880
525.170,-25.880,16.940,1.5200,-0.1300,0.0000,0.0000,-38.100,-83.300,-1.0108,0.1890,0.880
525.220,-23.980,10.720,2.2200,-0.9500,0.0000,0.0000,41.000,-176.800,1.5886,2.9315,0.880
525.270,-21.060,2.270,2.7000,-2.8100,0.0000,0.0000,115.400,-182.600,5.4381,8.9554,0.880
525.320,-14.780,-6.250,2.8800,-4.1600,0.0000,0.0000,123.000,-181.200,6.1827,13.1562,0.880
525.370,-9.180,-13.670,1.2900,-5.5200,0.0000,0.0000,98.000,-146.500,2.2064,14.1141,0.880
525.420,-3.690,-19.400,0.5800,-6.5200,0.0000,0.0000,109.500,-119.900,1.1085,13.6441,0.880
525.470,-0.230,-22.820,0.5800,-7.2300,0.0000,0.0000,79.600,-80.500,0.8058,10.1581,0.880
525.520,3.700,-24.120,0.2800,-7.8200,0.0000,0.0000,98.500,23.200,0.4814,-3.1664,0.880
525.570,9.080,-20.440,0.1300,-5.3600,0.0000,0.0000,127.600,114.400,0.2895,-10.7021,0.880
525.620,13.440,-14.830,0.0600,-1.1800,0.0000,0.0000,59.600,67.300,0.0624,-1.3860,0.880
525.670,14.520,-16.900,0.0300,0.0800,0.0000,0.0000,11.800,-71.900,0.0062,-0.1004,0.880
525.720,12.410,-19.660,-0.3200,1.2600,0.0000,0.0000,-86.500,-9.100,0.4831,-0.2001,0.880
525.770,5.420,-18.830,-0.2600,2.6200,0.0000,0.0000,-185.000,36.500,0.8395,1.6691,0.880
525.820,-1.260,-16.430,-0.9600,3.3900,0.0000,0.0000,-170.100,88.000,2.8501,5.2067,0.880
525.870,-6.010,-10.480,-2.2400,3.8500,0.0000,0.0000,-157.800,130.700,6.1693,8.7824,0.880
525.920,-17.660,-5.730,-3.4900,2.4200,0.0000,0.0000,-136.600,92.000,8.3206,3.8858,0.880
525.970,-22.740,-0.590,-4.4500,1.0800,0.0000,0.0000,-129.600,105.000,10.0657,1.9792,0.890
526.020,-27.630,3.760,-5.1800,0.9100,0.0000,0.0000,-80.100,92.500,7.2417,1.4691,0.890
526.070,-28.560,7.760,-5.6000,0.6800,0.0000,0.0000,21.900,101.600,-2.1405,1.2058,0.890
526.120,-25.550,12.670,-4.0600,0.3000,0.0000,0.0000,87.000,124.700,-6.1649,0.6529,0.890
526.170,-21.470,17.520,-1.2700,0.1300,0.0000,0.0000,90.600,71.600,-2.0082,0.1625,0.890
526.220,-22.370,18.050,-0.2000,0.0600,0.0000,0.0000,-60.500,6.600,0.2112,0.0069,0.890
526.270,-25.850,16.710,1.0300,-0.2800,0.0000,0.0000,-31.700,-62.900,-0.5699,0.3074,0.890
526.320,-24.170,10.660,1.9300,-0.4500,0.0000,0.0000,64.300,-175.600,2.1659,1.3792,0.890
526.370,-21.560,2.090,2.4900,-2.0300,0.0000,0.0000,87.200,-187.500,3.7896,6.6432,0.890
526.420,-15.510,-6.250,2.8300,-3.7200,0.0000,0.0000,132.300,-171.400,6.5347,11.1284,0.890
526.470,-9.430,-13.690,1.7600,-5.1800,0.0000,0.0000,95.200,-145.600,2.9243,13.1634,0.890
526.520,-5.250,-19.250,0.7800,-6.2800,0.0000,0.0000,107.000,-120.800,1.4567,13.2405,0.890
526.570,-0.930,-23.960,0.7800,-7.0900,0.0000,0.0000,78.700,-90.300,1.0714,11.1741,0.890
526.620,3.680,-25.290,0.3500,-7.5800,0.0000,0.0000,93.800,14.000,0.5730,-1.8521,0.890
526.670,7.480,-23.180,0.1600,-6.3300,0.0000,0.0000,113.500,86.400,0.3170,-9.5454,0.890
526.720,12.190,-16.160,0.0700,-1.7800,0.0000,0.0000,73.500,115.800,0.0898,-3.5975,0.890
526.770,13.790,-16.650,0.0300,0.5400,0.0000,0.0000,15.400,-86.900,0.0081,-0.8190,0.890
526.820,13.310,-19.870,-0.1300,1.4200,0.0000,0.0000,-39.700,-44.700,0.0901,-1.1078,0.890
526.870,8.090,-17.690,-0.2000,2.6500,0.0000,0.0000,-160.200,80.600,0.5592,3.7278,0.890
526.920,-0.340,-16.320,-0.9200,3.3600,0.0000,0.0000,-180.300,30.600,2.8951,1.7945,0.890
526.970,-10.070,-11.360,-2.2600,3.7800,0.0000,0.0000,-163.100,124.500,6.4334,8.2137,0.890
527.020,-16.080,-6.750,-3.5500,2.8000,0.0000,0.0000,-147.200,104.200,9.1204,5.0922,0.890
527.070,-22.510,-0.910,-4.6100,1.0800,0.0000,0.0000,-131.800,107.200,10.6046,2.0207,0.910
527.120,-28.660,3.850,-5.3600,0.8100,0.0000,0.0000,-81.300,95.000,7.6056,1.3430,0.910
527.170,-29.680,8.080,-5.7500,0.4800,0.0000,0.0000,20.600,94.400,-2.0673,0.7908,0.910
527.220,-27.310,12.760,-4.2100,0.2100,0.0000,0.0000,83.000,116.300,-6.0987,0.4263,0.910
527.270,-21.500,17.640,-1.2100,0.0900,0.0000,0.0000,133.900,83.600,-2.8278,0.1313,0.910
527.320,-21.150,18.860,0.2300,0.0400,0.0000,0.0000,-65.700,13.200,-0.2637,0.0092,0.910
527.370,-23.490,19.030,1.3500,-0.1600,0.0000,0.0000,-59.900,-0.300,-1.4114,0.0008,0.910
527.420,-23.220,13.170,2.0300,-0.5400,0.0000,0.0000,56.200,-156.200,1.9912,1.4722,0.910
527.470,-20.180,6.350,2.5900,-2.1100,0.0000,0.0000,101.800,-202.600,4.6018,7.4610,0.910
527.520,-15.300,-4.410,2.9200,-3.8900,0.0000,0.0000,139.600,-178.000,7.1145,12.0850,0.910
527.570,-10.470,-12.430,2.1500,-5.1500,0.0000,0.0000,77.000,-158.800,2.8894,14.2737,0.910
527.620,-7.030,-18.860,0.9500,-6.3500,0.0000,0.0000,99.800,-127.000,1.6547,14.0752,0.910
527.670,-2.010,-22.970,0.5100,-7.0100,0.0000,0.0000,74.200,-99.300,0.6605,12.1491,0.910
527.720,0.670,-25.520,0.4700,-7.4800,0.0000,0.0000,66.500,-6.500,0.5455,0.8486,0.910
527.770,2.840,-23.690,0.2400,-7.9200,0.0000,0.0000,84.700,70.400,0.3548,-9.7314,0.910
527.820,12.040,-18.230,0.1300,-4.3800,0.0000,0.0000,110.400,124.300,0.2505,-9.5022,0.910
527.870,14.430,-14.640,0.0600,-0.7700,0.0000,0.0000,34.500,2.400,0.0361,-0.0323,0.910
527.920,14.340,-15.510,0.0300,1.2900,0.0000,0.0000,-14.800,-53.300,-0.0077,-1.2000,0.910
527.970,10.540,-17.790,-0.6400,1.6500,0.0000,0.0000,-121.300,-9.300,1.3549,-0.2678,0.910
528.020,3.000,-17.420,-0.6900,2.6400,0.0000,0.0000,-180.300,50.000,2.1713,2.3038,0.910
528.070,-4.890,-13.780,-0.9200,3.1200,0.0000,0.0000,-158.400,111.000,2.5434,6.0444,0.910
528.120,-7.960,-6.630,-2.0800,3.6700,0.0000,0.0000,-153.600,104.200,5.5761,6.6744,0.910
528.170,-20.320,-1.720,-3.3300,3.3400,0.0000,0.0000,-131.500,108.200,7.6427,6.3074,0.910
528.230,-26.550,4.150,-4.2700,1.7200,0.0000,0.0000,-85.200,92.100,6.3496,2.7648,0.890
528.280,-28.170,7.790,-4.8900,0.9000,0.0000,0.0000,-18.200,77.300,1.5533,1.2142,0.890
528.330,-26.330,12.240,-5.3200,0.4700,0.0000,0.0000,62.900,116.500,-5.8404,0.9557,0.890
528.380,-21.640,17.720,-2.0200,0.4900,0.0000,0.0000,114.300,95.500,-4.0297,0.8167,0.890
528.430,-20.630,19.090,-1.2700,0.2200,0.0000,0.0000,-70.100,13.400,1.5538,0.0515,0.890
528.480,-23.150,18.880,-0.4500,0.1000,0.0000,0.0000,-72.000,-18.100,0.5655,-0.0316,0.890
528.530,-24.770,13.860,0.8800,-0.2400,0.0000,0.0000,49.400,-142.300,0.7587,0.5961,0.890
528.580,-21.680,7.730,1.7600,-0.6500,0.0000,0.0000,84.100,-197.200,2.5834,2.2372,0.890
528.630,-17.010,-2.840,2.3200,-2.1600,0.0000,0.0000,141.100,-175.900,5.7134,6.6313,0.890
528.680,-11.640,-10.890,2.2600,-3.8600,0.0000,0.0000,85.500,-159.500,3.3725,10.7455,0.890
528.730,-5.940,-17.290,1.0000,-5.3300,0.0000,0.0000,113.200,-133.200,1.9757,12.3911,0.890
528.780,-2.120,-22.310,0.9400,-6.4200,0.0000,0.0000,91.200,-92.900,1.4962,10.4095,0.890
528.830,1.600,-24.420,0.6100,-7.2800,0.0000,0.0000,75.300,-15.600,0.8017,1.9821,0.890
528.880,5.680,-22.900,0.2700,-7.6800,0.0000,0.0000,111.100,61.500,0.5235,-8.2435,0.890
528.930,10.260,-17.840,0.1200,-4.3600,0.0000,0.0000,116.100,123.200,0.2432,-9.3751,0.890
528.980,14.690,-13.950,0.0500,-0.8800,0.0000,0.0000,36.300,-26.000,0.0317,0.3993,0.890
529.030,15.040,-17.460,0.0200,0.5900,0.0000,0.0000,-6.500,-79.800,-0.0023,-0.8217,0.890
529.080,11.820,-18.240,-0.3000,1.5900,0.0000,0.0000,-109.600,58.700,0.5739,1.6290,0.890
529.130,4.230,-16.960,-0.6700,2.7700,0.0000,0.0000,-188.400,-15.800,2.2031,-0.7639,0.890
529.180,-3.960,-13.620,-1.9700,3.4700,0.0000,0.0000,-162.200,132.200,5.5769,8.0064,0.890
529.230,-11.430,-7.540,-3.2500,3.8100,0.0000,0.0000,-156.700,116.900,8.8885,7.7735,0.890
529.280,-19.000,-2.770,-4.2600,2.0000,0.0000,0.0000,-127.700,107.200,9.4946,3.7420,0.890
529.330,-23.320,0.550,-5.0100,0.8900,0.0000,0.0000,-110.500,109.300,9.6622,1.6978,0.890
529.380,-26.360,5.440,-5.6300,0.8500,0.0000,0.0000,-64.400,82.900,6.3281,1.2298,0.890
529.430,-26.070,9.670,-5.7900,0.5100,0.0000,0.0000,45.400,87.800,-4.5879,0.7815,0.890
529.480,-23.190,14.900,-2.3400,0.2300,0.0000,0.0000,85.800,117.100,-3.5041,0.4701,0.890
529.530,-19.430,18.520,-0.1200,0.1000,0.0000,0.0000,-7.800,39.500,0.0163,0.0689,0.890
529.580,-22.220,18.720,0.5500,0.0400,0.0000,0.0000,-73.800,8.200,-0.7084,0.0057,0.890
529.630,-25.120,16.000,1.6400,-0.1800,0.0000,0.0000,-39.400,-98.900,-1.1278,0.3107,0.890
529.680,-23.460,9.350,2.2100,-0.4500,0.0000,0.0000,65.400,-185.900,2.5226,1.4601,0.890
529.730,-19.620,1.040,2.7100,-2.2000,0.0000,0.0000,122.800,-179.100,5.8082,6.8769,0.890
529.780,-13.380,-7.150,2.6000,-3.8600,0.0000,0.0000,114.500,-175.100,5.1958,11.7964,0.890
529.830,-8.740,-14.170,1.1600,-5.2400,0.0000,0.0000,99.300,-143.700,2.0104,13.1421,0.890
529.880,-3.110,-19.880,0.5100,-6.2700,0.0000,0.0000,114.300,-117.700,1.0174,12.8802,0.890
529.930,1.470,-23.010,0.5000,-7.0700,0.0000,0.0000,89.700,-71.300,0.7828,8.7980,0.890
529.980,6.640,-23.650,0.3500,-7.5900,0.0000,0.0000,103.500,30.200,0.6322,-4.0006,0.890
530.030,11.260,-19.590,0.1500,-6.2800,0.0000,0.0000,119.400,111.300,0.3126,-12.1992,0.890
530.080,15.020,-14.310,0.0700,-1.6900,0.0000,0.0000,47.900,71.100,0.0585,-2.0972,0.890
530.130,15.520,-16.120,0.0300,0.7700,0.0000,0.0000,-4.900,-70.400,-0.0026,-0.9461,0.890
530.180,13.360,-18.390,-0.4500,1.0100,0.0000,0.0000,-87.400,5.500,0.6864,0.0970,0.890
530.230,6.270,-16.670,-0.4800,2.4600,0.0000,0.0000,-184.700,36.300,1.5473,1.5585,0.890
530.280,-2.160,-14.490,-1.5800,3.2700,0.0000,0.0000,-169.300,100.100,4.6687,5.7129,0.890
530.330,-11.660,-9.500,-2.9500,3.7300,0.0000,0.0000,-158.900,147.900,8.1813,9.6284,0.890
530.380,-17.130,-4.000,-4.1500,2.7700,0.0000,0.0000,-130.900,100.800,9.4812,4.8732,0.890
530.430,-23.320,2.200,-5.0100,1.2300,0.0000,0.0000,-127.300,93.100,11.1312,1.9986,0.900
530.480,-27.910,5.770,-5.6500,0.8700,0.0000,0.0000,-67.000,73.700,6.6069,1.1191,0.900
530.530,-28.340,8.970,-5.8600,0.6200,0.0000,0.0000,16.700,86.900,-1.7080,0.9403,0.900
530.580,-24.230,14.310,-2.9500,0.2800,0.0000,0.0000,109.100,121.500,-5.6173,0.5938,0.900
530.630,-19.320,18.130,-0.4200,0.1200,0.0000,0.0000,0.000,41.300,-0.0000,0.0865,0.900
530.680,-22.670,18.490,0.3000,0.0500,0.0000,0.0000,-54.400,4.500,-0.2848,0.0039,0.900
530.730,-24.450,16.120,1.6200,-0.2200,0.0000,0.0000,-21.000,-89.100,-0.5938,0.3421,0.900
530.780,-22.950,9.080,2.3500,-0.6100,0.0000,0.0000,41.700,-192.400,1.7103,2.0484,0.900
530.830,-18.190,0.340,2.8000,-2.1600,0.0000,0.0000,124.000,-180.300,6.0598,6.7971,0.900
530.880,-13.480,-7.790,2.6900,-3.8900,0.0000,0.0000,108.300,-171.000,5.0846,11.6098,0.900
530.930,-8.920,-14.980,1.1900,-5.3300,0.0000,0.0000,96.600,-139.100,2.0063,12.9399,0.900
530.980,-3.800,-20.570,0.7500,-6.3500,0.0000,0.0000,100.600,-114.600,1.3169,12.7009,0.900
531.030,1.060,-24.290,0.5200,-7.1200,0.0000,0.0000,83.500,-59.600,0.7578,7.4063,0.900
531.080,4.440,-24.510,0.2300,-7.3900,0.0000,0.0000,100.500,30.700,0.4034,-3.9597,0.900
531.130,9.130,-20.630,0.1000,-7.5500,0.0000,0.0000,113.800,116.700,0.1986,-15.3778,0.900
531.180,13.890,-14.600,0.0500,-3.0200,0.0000,0.0000,57.500,83.500,0.0502,-4.4012,0.900
531.230,14.650,-16.540,0.0200,0.1300,0.0000,0.0000,-0.500,-64.600,-0.0002,-0.1466,0.900
531.280,12.870,-19.170,-0.3800,0.8800,0.0000,0.0000,-68.300,-6.500,0.4530,-0.0998,0.900
531.330,6.500,-16.880,-0.4700,2.2000,0.0000,0.0000,-169.300,34.500,1.3888,1.3247,0.900
531.380,-3.520,-15.250,-1.5900,3.1300,0.0000,0.0000,-162.200,83.300,4.5012,4.5506,0.900
531.430,-9.520,-9.370,-2.9500,3.6700,0.0000,0.0000,-150.100,131.700,7.7282,8.4359,0.900
531.480,-16.200,-5.230,-4.1100,3.2600,0.0000,0.0000,-134.900,92.900,9.6768,5.2858,0.900
531.530,-21.980,-0.160,-4.9100,1.4400,0.0000,0.0000,-120.800,104.700,10.3520,2.6314,0.900
531.580,-26.740,4.870,-5.5300,0.6400,0.0000,0.0000,-87.700,84.900,8.4645,0.9483,0.900
531.630,-27.960,8.640,-5.7900,0.7800,0.0000,0.0000,14.000,91.900,-1.4148,1.2511,0.900
531.680,-25.320,13.290,-3.2700,0.3500,0.0000,0.0000,78.400,117.400,-4.4745,0.7172,0.900
531.730,-20.290,17.490,-0.5700,0.1500,0.0000,0.0000,40.000,69.500,-0.3979,0.1820,0.900
531.780,-21.430,18.600,0.3600,0.0700,0.0000,0.0000,-54.600,17.600,-0.3431,0.0215,0.900
531.830,-24.060,18.500,1.6200,-0.0100,0.0000,0.0000,-48.300,-27.600,-1.3657,0.0048,0.900
531.880,-23.910,13.750,2.3100,-0.1300,0.0000,0.0000,55.200,-149.700,2.2255,0.3397,0.900
531.930,-22.390,6.230,2.7500,-1.2100,0.0000,0.0000,14.900,-190.400,0.7151,4.0210,0.900
531.980,-17.720,-0.670,2.9200,-2.9100,0.0000,0.0000,153.500,-177.400,7.8229,9.0100,0.900
532.030,-11.960,-10.370,1.3100,-4.5300,0.0000,0.0000,90.800,-157.200,2.0760,12.4288,0.900
532.080,-6.530,-16.700,0.5800,-5.8200,0.0000,0.0000,114.100,-133.200,1.1550,13.5302,0.900
532.130,-2.150,-21.890,0.4900,-6.7300,0.0000,0.0000,102.900,-96.300,0.8800,11.3115,0.900
532.180,2.330,-24.180,0.2200,-7.3400,0.0000,0.0000,90.900,-39.300,0.3490,5.0346,0.900
532.230,8.130,-22.780,0.1000,-7.8100,0.0000,0.0000,117.100,75.600,0.2044,-10.3051,0.900
532.280,12.550,-17.100,0.0400,-5.9200,0.0000,0.0000,98.000,131.800,0.0684,-13.6180,0.900
532.330,15.000,-14.210,0.0200,-1.2500,0.0000,0.0000,27.600,-87.200,0.0096,1.9024,0.900
532.380,15.200,-18.320,0.0100,1.1900,0.0000,0.0000,-11.800,-64.300,-0.0021,-1.3355,0.900
532.430,10.360,-17.600,-0.2600,1.5800,0.0000,0.0000,-134.200,59.500,0.6090,1.6408,0.900
532.480,3.690,-16.320,-0.4900,2.8400,0.0000,0.0000,-191.100,19.200,1.6343,0.9517,0.900
532.530,-4.630,-12.160,-1.9200,3.5500,0.0000,0.0000,-156.900,128.500,5.2578,7.9618,0.900
532.580,-12.080,-6.450,-3.3300,3.9000,0.0000,0.0000,-144.800,102.100,8.4157,6.9497,0.900
532.630,-18.410,-1.600,-4.4000,2.4200,0.0000,0.0000,-124.600,106.000,9.5686,4.4771,0.900
532.680,-23.690,3.140,-5.1100,1.0700,0.0000,0.0000,-103.000,90.100,9.1862,1.6826,0.890
532.730,-26.690,6.930,-5.7300,0.8500,0.0000,0.0000,-34.300,84.200,3.4303,1.2491,0.890
532.780,-25.170,11.000,-5.8000,0.6400,0.0000,0.0000,54.000,100.800,-5.4664,1.1259,0.890
532.830,-22.010,15.230,-2.2500,0.2800,0.0000,0.0000,99.600,111.400,-3.9113,0.5444,0.890
532.880,-19.360,18.880,-0.3400,0.1300,0.0000,0.0000,-58.400,43.400,0.3466,0.0985,0.890
532.930,-22.780,19.460,0.6700,0.0600,0.0000,0.0000,-71.700,7.100,-0.8384,0.0074,0.890
532.980,-25.350,16.720,1.4400,-0.2000,0.0000,0.0000,-26.400,-99.800,-0.6635,0.3484,0.890
533.030,-23.170,9.700,2.2500,-0.4900,0.0000,0.0000,48.100,-193.200,1.8889,1.6523,0.890
533.080,-20.210,1.140,2.7500,-1.7400,0.0000,0.0000,116.200,-179.900,5.5772,5.4633,0.890
533.130,-12.850,-7.340,2.4400,-3.5000,0.0000,0.0000,109.500,-177.400,4.6632,10.8367,0.890
533.180,-9.050,-14.500,1.0800,-4.9800,0.0000,0.0000,97.700,-137.900,1.8416,11.9859,0.890
533.230,-3.300,-19.910,0.7900,-6.0800,0.0000,0.0000,117.100,-110.300,1.6146,11.7046,0.890
533.280,1.470,-23.620,0.4600,-6.9300,0.0000,0.0000,94.400,-60.400,0.7579,7.3055,0.890
533.330,5.530,-23.500,0.3500,-7.5500,0.0000,0.0000,94.700,43.000,0.5785,-5.6662,0.890
533.380,9.850,-18.620,0.1600,-7.6500,0.0000,0.0000,120.300,134.500,0.3359,-17.9581,0.890
533.430,14.370,-13.750,0.0700,-3.1300,0.0000,0.0000,57.600,-7.000,0.0704,0.3824,0.890
533.480,14.980,-16.640,0.0300,0.0500,0.0000,0.0000,-10.900,-80.900,-0.0057,-0.0706,0.890
533.530,12.390,-18.540,-0.5100,0.5200,0.0000,0.0000,-97.700,53.000,0.8696,0.4810,0.890
533.580,4.860,-17.060,-0.4900,2.0000,0.0000,0.0000,-195.900,2.800,1.6754,0.0977,0.890
533.630,-3.730,-13.640,-1.5700,3.0400,0.0000,0.0000,-166.300,127.000,4.5569,6.7384,0.890
533.680,-11.310,-7.550,-2.9200,3.6600,0.0000,0.0000,-152.000,115.200,7.7465,7.3589,0.890
533.730,-17.990,-2.800,-4.0300,3.8700,0.0000,0.0000,-129.900,104.600,9.1367,7.0651,0.890
533.780,-24.020,2.000,-4.8800,1.7400,0.0000,0.0000,-123.000,93.100,10.4762,2.8273,0.900
533.830,-27.580,5.930,-5.5700,0.9700,0.0000,0.0000,-77.100,88.200,7.4953,1.4932,0.900
533.880,-27.710,9.870,-5.7300,0.9200,0.0000,0.0000,35.300,87.800,-3.5303,1.4098,0.900
533.930,-24.310,14.670,-2.6600,0.4100,0.0000,0.0000,87.600,107.200,-4.0669,0.7671,0.900
533.980,-20.200,18.100,-0.3000,0.1800,0.0000,0.0000,16.100,44.300,-0.0843,0.1392,0.900
534.030,-22.230,18.330,0.5800,0.0800,0.0000,0.0000,-48.700,8.500,-0.4930,0.0119,0.900
534.080,-24.830,16.500,1.6600,0.0400,0.0000,0.0000,-46.600,-73.400,-1.3501,-0.0512,0.900
534.130,-23.270,10.200,2.2400,-0.1600,0.0000,0.0000,79.300,-175.500,3.1003,0.4901,0.900
534.180,-19.780,2.040,2.7400,-1.0100,0.0000,0.0000,112.900,-182.700,5.3991,3.2206,0.900
534.230,-14.880,-6.310,2.4400,-2.7500,0.0000,0.0000,129.500,-175.600,5.5149,8.4282,0.900
534.280,-10.010,-13.860,1.0800,-4.4000,0.0000,0.0000,84.800,-150.000,1.5984,11.5192,0.900
534.330,-4.820,-19.620,0.7200,-5.7400,0.0000,0.0000,117.200,-122.800,1.4728,12.3023,0.900
534.380,-0.090,-24.010,0.4000,-6.6800,0.0000,0.0000,89.800,-79.400,0.6269,9.2571,0.900
534.430,2.920,-24.730,0.2700,-7.2700,0.0000,0.0000,81.800,25.100,0.3855,-3.1848,0.900
534.480,7.200,-20.860,0.1200,-7.8400,0.0000,0.0000,100.900,124.300,0.2113,-17.0084,0.900
534.530,13.480,-14.330,0.0500,-5.6600,0.0000,0.0000,56.000,110.600,0.0489,-10.9257,0.900
534.580,14.180,-16.070,0.0200,-1.1600,0.0000,0.0000,14.800,-86.100,0.0052,1.7432,0.900
534.630,12.870,-18.710,-0.3300,1.2000,0.0000,0.0000,-62.600,-44.100,0.3606,-0.9236,0.900
534.680,6.710,-15.550,-0.3500,1.3400,0.0000,0.0000,-174.500,67.000,1.0660,1.5670,0.900
534.730,-1.710,-14.830,-1.3800,2.7200,0.0000,0.0000,-172.500,59.800,4.1548,2.8389,0.900
534.780,-8.030,-9.310,-2.7200,3.4700,0.0000,0.0000,-155.500,127.700,7.3820,7.7339,0.900
534.830,-15.020,-3.900,-3.8800,3.8400,0.0000,0.0000,-142.900,94.400,9.6770,6.3267,0.900
534.880,-23.220,1.340,-4.6700,2.2800,0.0000,0.0000,-116.800,99.900,9.5200,3.9754,0.900
534.930,-26.720,4.750,-5.3100,1.0100,0.0000,0.0000,-80.700,87.200,7.4790,1.5371,0.900
534.980,-27.880,8.840,-5.5700,0.9300,0.0000,0.0000,8.500,78.500,-0.8263,1.2742,0.900
535.030,-25.210,13.250,-3.2100,0.6200,0.0000,0.0000,78.100,114.700,-4.3756,1.2412,0.900
535.080,-20.120,17.500,-0.6200,0.2800,0.0000,0.0000,101.000,92.200,-1.0929,0.4506,0.900
535.130,-20.410,19.590,0.3100,0.1200,0.0000,0.0000,-59.100,9.200,-0.3198,0.0193,0.900
535.180,-22.630,18.500,1.5400,0.0500,0.0000,0.0000,-51.700,-53.800,-1.3896,-0.0469,0.900
535.230,-22.480,12.860,2.1500,-0.1400,0.0000,0.0000,75.100,-165.600,2.8181,0.4046,0.900
535.280,-21.100,4.260,2.6300,-0.4000,0.0000,0.0000,41.600,-202.700,1.9095,1.4151,0.900
535.330,-14.460,-4.710,2.8300,-2.2100,0.0000,0.0000,132.100,-179.700,6.5248,6.9313,0.900
535.380,-9.950,-12.730,1.2600,-3.9600,0.0000,0.0000,78.400,-157.200,1.7241,10.8649,0.900
535.430,-5.330,-18.840,0.5600,-5.4000,0.0000,0.0000,106.300,-128.200,1.0390,12.0826,0.900
535.480,-1.020,-23.330,0.4700,-6.4300,0.0000,0.0000,80.600,-80.400,0.6612,9.0229,0.900
535.530,2.170,-24.490,0.2500,-7.1700,0.0000,0.0000,75.300,5.600,0.3286,-0.7008,0.900
535.580,7.260,-22.100,0.1100,-7.7000,0.0000,0.0000,111.800,87.200,0.2146,-11.7188,0.900
535.630,12.000,-17.300,0.0500,-7.2100,0.0000,0.0000,118.600,135.800,0.1035,-17.0888,0.900
535.680,14.820,-14.040,0.0200,-1.9800,0.0000,0.0000,25.900,-82.600,0.0090,2.8545,0.900
535.730,14.430,-17.900,-0.0500,0.7600,0.0000,0.0000,-31.400,-64.400,0.0274,-0.8542,0.900
535.780,9.460,-16.900,-0.2100,1.2500,0.0000,0.0000,-143.400,76.000,0.5256,1.6581,0.900
535.830,1.420,-15.940,-1.1100,2.6200,0.0000,0.0000,-174.700,4.900,3.3845,0.2241,0.900
535.880,-6.380,-10.890,-2.4000,3.3800,0.0000,0.0000,-155.500,138.200,6.5136,8.1527,0.900
535.930,-12.370,-5.160,-3.5800,3.8000,0.0000,0.0000,-157.800,91.100,9.8598,6.0420,0.900
535.980,-20.170,-1.280,-4.4600,2.7400,0.0000,0.0000,-129.900,109.700,10.1116,5.2461,0.900
536.030,-25.460,4.840,-5.0800,1.2200,0.0000,0.0000,-98.500,99.000,8.7333,2.1080,0.890
536.080,-27.760,9.160,-5.5100,0.6300,0.0000,0.0000,-11.000,95.300,1.0578,1.0479,0.890
536.130,-25.970,13.650,-4.4500,0.7100,0.0000,0.0000,63.400,109.500,-4.9241,1.3569,0.890
536.180,-20.950,18.870,-1.3700,0.3100,0.0000,0.0000,129.900,90.600,-3.1060,0.4902,0.890
536.230,-18.700,20.380,0.2200,0.1400,0.0000,0.0000,-68.800,5.100,-0.2642,0.0125,0.890
536.280,-22.550,19.480,1.1100,0.0600,0.0000,0.0000,-63.800,-44.900,-1.2360,-0.0470,0.890
536.330,-22.290,15.470,1.9400,-0.2200,0.0000,0.0000,57.300,-144.300,1.9401,0.5541,0.890
536.380,-20.590,6.020,2.4500,-0.3500,0.0000,0.0000,54.100,-194.900,2.3133,1.1906,0.890
536.430,-15.410,-2.850,2.7800,-1.6600,0.0000,0.0000,132.300,-185.900,6.4192,5.3860,0.890
536.480,-10.570,-9.300,1.9300,-3.4800,0.0000,0.0000,75.900,-157.200,2.5567,9.5479,0.890
536.530,-6.530,-15.990,0.8600,-5.0800,0.0000,0.0000,95.900,-136.400,1.4394,12.0936,0.890
536.580,-1.930,-22.170,0.6100,-6.2900,0.0000,0.0000,89.700,-85.300,0.9550,9.3643,0.890
536.630,2.490,-24.170,0.3200,-7.0800,0.0000,0.0000,82.700,-21.700,0.4619,2.6815,0.890
536.680,5.920,-22.370,0.1500,-7.5400,0.0000,0.0000,98.400,79.500,0.2576,-10.4620,0.890
536.730,11.020,-17.120,0.0600,-7.7400,0.0000,0.0000,117.200,122.200,0.1227,-16.5078,0.890
536.780,14.150,-14.490,0.0300,-2.9600,0.0000,0.0000,35.500,-84.400,0.0186,4.3603,0.890
536.830,14.320,-19.100,0.0100,0.1500,0.0000,0.0000,-12.300,-73.900,-0.0021,-0.1935,0.890
536.880,10.520,-18.020,-0.2800,0.6500,0.0000,0.0000,-117.900,89.100,0.5762,1.0108,0.890
536.930,2.700,-16.600,-0.8500,2.2300,0.0000,0.0000,-183.600,-14.200,2.7238,-0.5527,0.890
536.980,-7.300,-12.440,-2.1000,3.1600,0.0000,0.0000,-158.700,136.500,5.8167,7.5283,0.890
537.030,-13.090,-6.340,-3.3200,3.6800,0.0000,0.0000,-150.900,105.700,8.7439,6.7889,0.890
537.080,-19.510,-1.590,-4.2600,3.8300,0.0000,0.0000,-126.000,104.100,9.3682,6.9587,0.890
537.130,-24.820,2.820,-5.0200,2.2900,0.0000,0.0000,-103.900,80.700,9.1033,3.2254,0.900
537.180,-27.430,6.310,-5.5300,0.8700,0.0000,0.0000,-48.800,80.200,4.7100,1.2178,0.900
537.230,-26.690,10.170,-5.3600,1.0100,0.0000,0.0000,47.600,90.200,-4.4530,1.5900,0.900
537.280,-23.540,15.410,-1.7900,0.5000,0.0000,0.0000,103.100,119.400,-3.2210,1.0420,0.900
537.330,-18.600,19.350,0.2300,0.2200,0.0000,0.0000,46.000,36.300,0.1847,0.1394,0.900
537.380,-21.890,19.740,0.9000,0.1000,0.0000,0.0000,-79.000,7.700,-1.2409,0.0134,0.900
537.430,-24.090,16.620,1.7800,0.0400,0.0000,0.0000,0.200,-111.800,0.0062,-0.0781,0.900
537.480,-21.720,9.270,2.4200,-0.1400,0.0000,0.0000,36.300,-194.300,1.5332,0.4748,0.900
537.530,-18.580,0.290,2.8200,-0.3100,0.0000,0.0000,116.600,-184.900,5.7389,1.0004,0.900
537.580,-12.490,-8.350,1.9500,-2.2000,0.0000,0.0000,111.000,-168.600,3.7778,6.4738,0.900
537.630,-8.170,-15.260,0.8700,-3.9500,0.0000,0.0000,86.200,-141.100,1.3089,9.7275,0.900
537.680,-2.900,-20.910,0.6000,-5.3500,0.0000,0.0000,109.800,-112.900,1.1498,10.5421,0.900
537.730,1.430,-24.640,0.3500,-6.3500,0.0000,0.0000,84.700,-47.800,0.5174,5.2976,0.900
537.780,5.210,-24.590,0.1900,-7.0900,0.0000,0.0000,95.800,35.800,0.3177,-4.4300,0.900
537.830,9.900,-21.630,0.0800,-7.7000,0.0000,0.0000,112.700,109.100,0.1574,-14.6620,0.900
537.880,13.930,-15.450,0.0400,-7.3900,0.0000,0.0000,79.400,121.800,0.0554,-15.7097,0.900
537.930,14.970,-16.160,0.0200,-2.0500,0.0000,0.0000,2.300,-77.600,0.0008,2.7765,0.900
537.980,12.150,-18.670,-0.4400,0.7200,0.0000,0.0000,-95.700,20.300,0.7349,0.2551,0.900
538.030,3.070,-17.380,-0.5300,1.5100,0.0000,0.0000,-182.600,4.600,1.6891,0.1212,0.900
538.080,-1.850,-13.940,-1.7300,2.7200,0.0000,0.0000,-166.200,113.400,5.0183,5.3834,0.900
538.130,-10.820,-8.120,-3.1200,3.4300,0.0000,0.0000,-157.000,108.400,8.5493,6.4893,0.900
538.180,-17.860,-3.570,-4.2700,3.8300,0.0000,0.0000,-133.500,100.000,9.9492,6.6846,0.900
538.230,-23.730,1.720,-5.0000,2.8100,0.0000,0.0000,-114.900,104.700,10.0269,5.1349,0.890
538.280,-27.440,6.000,-5.5700,1.2500,0.0000,0.0000,-52.200,93.800,5.0746,2.0464,0.890
538.330,-27.270,10.100,-5.7200,0.6500,0.0000,0.0000,34.400,99.900,-3.4342,1.1333,0.890
538.380,-23.500,15.460,-2.7100,0.5800,0.0000,0.0000,104.100,133.100,-4.9238,1.3474,0.890
538.430,-19.050,19.410,-0.3600,0.2600,0.0000,0.0000,32.300,46.000,-0.2029,0.2087,0.890
538.480,-21.170,19.410,0.4500,0.1100,0.0000,0.0000,-60.100,-6.500,-0.4720,-0.0125,0.890
538.530,-24.340,17.550,1.5300,0.0500,0.0000,0.0000,-33.700,-78.600,-0.8999,-0.0686,0.890
538.580,-22.270,9.400,2.2600,-0.2100,0.0000,0.0000,37.000,-196.900,1.4594,0.7217,0.890
538.630,-18.420,4.030,2.7000,-0.1300,0.0000,0.0000,122.700,-197.400,5.7821,0.4479,0.890
538.680,-13.790,-8.130,2.8800,-1.6700,0.0000,0.0000,110.800,-175.600,5.5694,5.1182,0.890
538.730,-8.310,-14.140,1.2800,-3.5300,0.0000,0.0000,96.400,-153.200,2.1536,9.4387,0.890
538.780,-3.200,-21.340,0.5700,-5.0700,0.0000,0.0000,95.000,-120.200,0.9451,10.6363,0.890
538.830,0.730,-25.020,0.5200,-6.2100,0.0000,0.0000,79.800,-47.000,0.7242,5.0941,0.890
538.880,4.350,-24.690,0.2900,-7.0200,0.0000,0.0000,90.600,38.100,0.4586,-4.6681,0.890
538.930,8.950,-20.780,0.1300,-7.5300,0.0000,0.0000,121.400,113.600,0.2754,-14.9297,0.890
538.980,13.580,-15.250,0.0600,-7.8700,0.0000,0.0000,63.000,96.400,0.0660,-13.2413,0.890
539.030,14.510,-17.130,0.0300,-2.4900,0.0000,0.0000,7.700,-100.800,0.0040,4.3806,0.890
539.080,12.570,-19.870,-0.3800,0.3800,0.0000,0.0000,-80.100,22.000,0.5312,0.1459,0.890
539.130,5.800,-15.810,-0.5000,1.2500,0.0000,0.0000,-179.300,40.400,1.5647,0.8814,0.890
539.180,-2.520,-15.920,-1.6900,2.4200,0.0000,0.0000,-168.400,92.300,4.9671,3.8985,0.890
539.230,-10.060,-10.230,-3.0300,3.2300,0.0000,0.0000,-150.600,123.200,7.9643,6.9453,0.890
539.280,-17.020,-5.960,-4.1500,3.7100,0.0000,0.0000,-140.400,88.000,10.1693,5.6982,0.890
539.330,-22.760,-0.830,-4.9700,3.3000,0.0000,0.0000,-113.600,106.400,9.8540,6.1282,0.900
539.380,-26.380,4.040,-5.6000,1.4600,0.0000,0.0000,-85.300,95.900,8.3371,2.4437,0.900
539.430,-28.100,7.270,-5.8400,0.5600,0.0000,0.0000,-16.200,88.800,1.6512,0.8679,0.900
539.480,-25.710,12.740,-3.2000,0.6300,0.0000,0.0000,74.600,115.600,-4.1664,1.2711,0.900
539.530,-19.910,18.210,-0.5000,0.2800,0.0000,0.0000,70.900,66.100,-0.6187,0.3230,0.900
539.580,-21.950,19.070,0.1900,0.1200,0.0000,0.0000,-80.900,13.900,-0.2683,0.0291,0.900
539.630,-25.070,18.260,1.5600,0.0600,0.0000,0.0000,-51.900,-50.000,-1.4131,-0.0524,0.900
539.680,-23.290,12.610,2.3000,-0.1300,0.0000,0.0000,44.400,-166.000,1.7823,0.3766,0.900
539.730,-21.870,6.220,2.7700,-0.1100,0.0000,0.0000,60.500,-196.800,2.9249,0.3778,0.900
539.780,-19.200,-4.310,2.9200,-1.2800,0.0000,0.0000,104.700,-186.000,5.3359,4.1553,0.900
539.830,-11.100,-12.360,1.3000,-3.1300,0.0000,0.0000,77.300,-156.200,1.7539,8.5330,0.900
539.880,-6.740,-18.780,0.5900,-4.7300,0.0000,0.0000,101.100,-131.400,1.0411,10.8476,0.900
539.930,-2.100,-23.000,0.5700,-5.9600,0.0000,0.0000,92.700,-101.600,0.9222,10.5686,0.900
539.980,1.900,-25.330,0.2600,-6.8600,0.0000,0.0000,85.600,5.200,0.3884,-0.6226,0.900
540.030,6.410,-23.700,0.1100,-7.5300,0.0000,0.0000,107.200,69.900,0.2058,-9.1865,0.900
540.080,12.000,-16.960,0.0500,-7.8900,0.0000,0.0000,104.700,130.600,0.0914,-17.9845,0.900
540.130,14.180,-16.110,0.0200,-7.2700,0.0000,0.0000,31.800,-84.000,0.0111,10.6584,0.900
540.180,14.090,-19.410,0.0000,-1.9700,0.0000,0.0000,-23.600,-56.200,-0.0000,1.9323,0.900
540.230,9.760,-18.200,-0.2900,0.8000,0.0000,0.0000,-129.500,72.500,0.6555,1.0123,0.900
540.280,1.840,-17.030,-0.9300,1.1700,0.0000,0.0000,-181.600,33.100,2.9477,0.6759,0.900
540.330,-4.700,-11.990,-2.2800,2.6300,0.0000,0.0000,-159.700,136.200,6.3550,6.2519,0.900
540.380,-13.300,-6.360,-3.5700,3.4600,0.0000,0.0000,-145.500,95.900,9.0659,5.7912,0.900
540.430,-19.590,-1.320,-4.5400,3.8800,0.0000,0.0000,-125.900,107.700,9.9761,7.2933,0.900
540.480,-25.020,3.040,-5.2200,2.8100,0.0000,0.0000,-103.700,80.800,9.4477,3.9627,0.890
540.530,-27.760,6.430,-5.6900,1.2500,0.0000,0.0000,-20.100,78.400,1.9961,1.7104,0.890
540.580,-26.830,10.030,-5.5200,0.7800,0.0000,0.0000,42.000,101.200,-4.0464,1.3777,0.890
540.630,-22.470,15.460,-1.9300,0.7600,0.0000,0.0000,94.000,121.000,-3.1664,1.6050,0.890
540.680,-20.610,19.080,-0.0900,0.3400,0.0000,0.0000,-37.700,32.900,0.0592,0.1952,0.890
540.730,-22.730,19.080,1.0800,0.1500,0.0000,0.0000,-58.400,-6.900,-1.1008,-0.0181,0.890
540.780,-25.270,16.830,1.6000,0.0700,0.0000,0.0000,-17.700,-89.100,-0.4943,-0.1089,0.890
540.830,-22.740,8.910,2.3400,-0.1700,0.0000,0.0000,19.000,-184.000,0.7760,0.5459,0.890
540.880,-20.580,0.540,2.7900,-0.0900,0.0000,0.0000,100.300,-178.100,4.8841,0.2798,0.890
540.930,-15.760,-7.770,2.3500,-1.7200,0.0000,0.0000,137.100,-168.300,5.6232,5.0523,0.890
540.980,-9.130,-14.550,1.0400,-3.4000,0.0000,0.0000,93.800,-142.300,1.7026,8.4443,0.890
541.030,-3.600,-20.150,0.7300,-4.8500,0.0000,0.0000,115.000,-112.100,1.4652,9.4891,0.890
541.080,1.060,-23.540,0.3300,-5.9900,0.0000,0.0000,89.800,-42.200,0.5172,4.4118,0.890
541.130,5.410,-23.610,0.3200,-6.8700,0.0000,0.0000,93.600,29.400,0.5228,-3.5252,0.890
541.180,10.960,-20.890,0.1400,-7.4800,0.0000,0.0000,110.300,96.800,0.2695,-12.6373,0.890
541.230,13.930,-14.700,0.0600,-7.8000,0.0000,0.0000,58.000,76.600,0.0607,-10.4280,0.890
541.280,14.710,-16.220,0.0300,-3.8700,0.0000,0.0000,1.600,-97.700,0.0008,6.5991,0.890
541.330,12.490,-19.060,-0.3900,-0.3200,0.0000,0.0000,-88.100,27.800,0.5997,-0.1553,0.890
541.380,5.350,-17.380,-0.4200,1.1100,0.0000,0.0000,-188.000,13.500,1.3781,0.2615,0.890
541.430,-3.020,-16.330,-1.5200,1.9800,0.0000,0.0000,-171.100,66.000,4.5391,2.2808,0.890
541.480,-10.940,-7.930,-2.8700,3.0200,0.0000,0.0000,-164.300,133.700,8.2299,7.0472,0.890
541.530,-19.290,-2.890,-4.0400,3.6300,0.0000,0.0000,-134.600,99.300,9.4908,6.2912,0.890
541.580,-24.220,1.320,-4.9000,3.9100,0.0000,0.0000,-123.400,103.200,10.5533,7.0426,0.900
541.630,-28.400,5.200,-5.5500,2.0400,0.0000,0.0000,-63.200,82.800,6.1219,2.9481,0.900
541.680,-28.510,9.730,-5.8000,0.7700,0.0000,0.0000,28.700,99.200,-2.9053,1.3332,0.900
541.730,-25.150,14.960,-2.7600,0.7100,0.0000,0.0000,91.200,125.500,-4.3932,1.5552,0.900
541.780,-20.660,18.680,-0.3600,0.4000,0.0000,0.0000,37.800,72.900,-0.2375,0.5089,0.900
541.830,-23.170,19.390,0.3900,0.1800,0.0000,0.0000,-67.400,4.300,-0.4588,0.0135,0.900
541.880,-25.750,17.140,1.5800,0.0800,0.0000,0.0000,15.200,-82.300,0.4192,-0.1149,0.900
541.930,-24.460,10.520,2.3000,-0.0100,0.0000,0.0000,37.500,-180.800,1.5053,0.0316,0.900
541.980,-21.430,3.810,2.7600,-0.1200,0.0000,0.0000,105.300,-192.900,5.0724,0.4040,0.900
542.030,-15.580,-6.470,2.5100,-1.0600,0.0000,0.0000,123.800,-177.100,5.4234,3.2764,0.900
542.080,-11.910,-14.160,1.1100,-2.9700,0.0000,0.0000,85.900,-147.200,1.6642,7.6303,0.900
542.130,-5.820,-18.940,0.6700,-4.6800,0.0000,0.0000,108.700,-127.100,1.2711,10.3817,0.900
542.180,-2.130,-24.120,0.4700,-6.0300,0.0000,0.0000,92.700,-70.900,0.7604,7.4618,0.900
542.230,3.370,-24.850,0.2300,-6.9900,0.0000,0.0000,98.100,9.700,0.3938,-1.1834,0.900
542.280,7.880,-20.880,0.1000,-7.6500,0.0000,0.0000,123.400,115.500,0.2154,-15.4213,0.900
542.330,12.880,-15.840,0.0500,-8.0800,0.0000,0.0000,74.000,122.800,0.0646,-17.3176,0.900
542.380,13.880,-15.890,0.0200,-5.0900,0.0000,0.0000,13.100,-85.100,0.0046,7.5601,0.900
542.430,12.850,-18.940,-0.2600,-0.8200,0.0000,0.0000,-54.300,-4.100,0.2464,0.0587,0.900
542.480,6.840,-18.280,-0.3700,1.4400,0.0000,0.0000,-162.400,18.600,1.0487,0.4675,0.900
542.530,-1.700,-15.760,-1.2100,2.1200,0.0000,0.0000,-177.400,104.600,3.7464,3.8703,0.900
542.580,-10.650,-10.240,-2.5000,3.1700,0.0000,0.0000,-144.600,121.400,6.3094,6.7167,0.900
542.630,-16.130,-5.330,-3.6900,3.7900,0.0000,0.0000,-138.700,103.000,8.9326,6.8132,0.900
542.680,-22.140,-1.310,-4.5200,4.0600,0.0000,0.0000,-124.700,105.300,9.8374,7.4616,0.890
542.730,-27.170,2.920,-5.2000,2.1300,0.0000,0.0000,-93.800,81.400,8.5130,3.0261,0.890
542.780,-28.780,6.250,-5.4800,1.1000,0.0000,0.0000,-4.800,80.100,0.4591,1.5378,0.890
542.830,-27.200,11.180,-3.9400,0.7600,0.0000,0.0000,51.000,118.500,-3.5071,1.5718,0.890
542.880,-23.990,17.040,-1.1300,0.4600,0.0000,0.0000,101.300,114.800,-1.9979,0.9217,0.890
542.930,-21.970,19.400,0.2500,0.2000,0.0000,0.0000,-75.600,15.400,-0.3299,0.0538,0.890
542.980,-25.230,19.100,1.2900,0.0900,0.0000,0.0000,-89.300,-30.200,-2.0106,-0.0474,0.890
543.030,-26.260,15.420,1.7400,0.0400,0.0000,0.0000,79.200,-126.000,2.4052,-0.0880,0.890
543.080,-24.460,6.730,2.4000,-0.1500,0.0000,0.0000,11.800,-192.500,0.4943,0.5040,0.890
543.130,-19.530,-1.830,2.7500,-0.0800,0.0000,0.0000,137.000,-175.800,6.5755,0.2455,0.890
543.180,-13.570,-8.420,1.7200,-1.4100,0.0000,0.0000,109.100,-172.900,3.2751,4.2549,0.890
543.230,-8.760,-14.140,0.7600,-3.2300,0.0000,0.0000,106.900,-142.800,1.4180,8.0502,0.890
543.280,-2.430,-21.520,0.5800,-4.8000,0.0000,0.0000,95.800,-102.900,0.9698,8.6205,0.890
543.330,0.910,-23.920,0.2800,-6.0500,0.0000,0.0000,85.800,-21.200,0.4193,2.2386,0.890
543.380,5.260,-23.070,0.2500,-6.9800,0.0000,0.0000,103.500,46.400,0.4516,-5.6526,0.890
543.430,10.730,-17.450,0.1100,-7.6400,0.0000,0.0000,112.500,117.400,0.2160,-15.6545,0.890
543.480,14.360,-14.010,0.0500,-8.0500,0.0000,0.0000,44.900,-41.900,0.0392,5.8869,0.890
543.530,14.920,-17.290,0.0200,-5.0700,0.0000,0.0000,-1.500,-67.000,-0.0005,5.9287,0.890
543.580,12.080,-18.850,-0.4400,-0.8600,0.0000,0.0000,-105.300,9.900,0.8086,-0.1486,0.890
543.630,2.430,-17.050,-0.6000,0.7800,0.0000,0.0000,-199.900,24.600,2.0933,0.3349,0.890
543.680,-4.620,-13.970,-1.7200,1.7600,0.0000,0.0000,-172.100,121.300,5.1664,3.7261,0.890
543.730,-12.510,-9.190,-2.9800,2.9600,0.0000,0.0000,-163.700,130.400,8.5142,6.7367,0.890
543.780,-19.230,-2.730,-4.0300,3.6600,0.0000,0.0000,-129.200,106.500,9.0875,6.8031,0.890
543.830,-24.960,1.670,-4.7200,4.0100,0.0000,0.0000,-114.100,101.700,9.3995,7.1177,0.880
543.880,-28.580,6.150,-5.3500,2.4800,0.0000,0.0000,-49.700,77.200,4.6407,3.3415,0.880
543.930,-28.330,9.620,-5.5800,1.0900,0.0000,0.0000,29.200,88.000,-2.8438,1.6741,0.880
543.980,-24.860,14.460,-2.6400,0.7300,0.0000,0.0000,97.700,126.300,-4.5017,1.6092,0.880
544.030,-20.320,18.760,-0.3600,0.5700,0.0000,0.0000,28.100,60.200,-0.1766,0.5989,0.880
544.080,-22.890,19.460,0.2300,0.2500,0.0000,0.0000,-72.000,17.800,-0.2890,0.0777,0.880
544.130,-25.780,18.100,1.3800,0.1100,0.0000,0.0000,-49.500,-66.800,-1.1922,-0.1282,0.880
544.180,-24.790,10.320,1.9400,0.0500,0.0000,0.0000,69.400,-181.300,2.3498,-0.1582,0.880
544.230,-21.730,3.610,2.5200,-0.2000,0.0000,0.0000,107.400,-190.600,4.7237,0.6653,0.880
544.280,-16.740,-6.870,2.8000,-0.6000,0.0000,0.0000,136.700,-177.100,6.6804,1.8546,0.880
544.330,-10.970,-12.880,1.2400,-2.1900,0.0000,0.0000,90.100,-153.300,1.9500,5.8595,0.880
544.380,-5.210,-20.180,0.5500,-3.8700,0.0000,0.0000,122.300,-118.000,1.1740,7.9702,0.880
544.430,-0.220,-23.520,0.5700,-5.2800,0.0000,0.0000,96.900,-71.400,0.9640,6.5798,0.880
544.480,4.060,-24.810,0.3800,-6.3300,0.0000,0.0000,101.400,-9.000,0.6725,0.9943,0.880
544.530,9.560,-19.840,0.2000,-7.1300,0.0000,0.0000,119.600,132.700,0.4175,-16.5135,0.880
544.580,13.320,-13.710,0.0900,-7.7100,0.0000,0.0000,47.000,63.200,0.0738,-8.5045,0.880
544.630,14.000,-17.110,0.0400,-6.4400,0.0000,0.0000,6.700,-80.000,0.0047,8.9919,0.880
544.680,12.940,-18.850,-0.1000,-1.7900,0.0000,0.0000,-55.100,33.000,0.0962,-1.0310,0.880
544.730,5.340,-16.660,-0.2800,0.7300,0.0000,0.0000,-183.300,-6.500,0.8958,-0.0828,0.880
544.780,-3.250,-15.790,-1.0400,0.9300,0.0000,0.0000,-172.500,76.600,3.1311,1.2433,0.880
544.830,-10.800,-9.190,-2.3600,2.4400,0.0000,0.0000,-155.300,123.500,6.3968,5.2594,0.880
544.880,-17.240,-4.420,-3.5800,3.2800,0.0000,0.0000,-125.700,94.100,7.8541,5.3869,0.880
544.930,-22.800,0.560,-4.5600,3.7900,0.0000,0.0000,-116.700,92.200,9.2878,6.0988,0.900
544.980,-27.010,4.150,-5.3000,2.8600,0.0000,0.0000,-69.700,83.400,6.4474,4.1630,0.900
545.030,-27.600,7.830,-5.5200,1.2700,0.0000,0.0000,17.800,88.700,-1.7149,1.9661,0.900
545.080,-24.700,12.390,-2.8600,1.1200,0.0000,0.0000,76.300,118.500,-3.8086,2.3164,0.900
545.130,-20.830,16.350,-0.5900,0.6700,0.0000,0.0000,72.100,98.000,-0.7424,1.1460,0.900
545.180,-21.560,18.990,0.3500,0.3000,0.0000,0.0000,-52.700,21.100,-0.3219,0.1105,0.900
545.230,-24.180,18.540,1.5300,0.1300,0.0000,0.0000,-57.500,-35.500,-1.5355,-0.0805,0.900
545.280,-25.450,16.140,1.6000,0.0600,0.0000,0.0000,28.200,-107.300,0.7875,-0.1124,0.900
545.330,-22.780,5.920,2.4000,-0.1500,0.0000,0.0000,54.100,-197.100,2.2661,0.5160,0.900
545.380,-16.220,-1.120,2.3600,-0.2400,0.0000,0.0000,138.400,-173.000,5.7007,0.7247,0.900
545.430,-11.820,-10.970,1.0500,-1.1300,0.0000,0.0000,96.900,-162.500,1.7758,3.2049,0.900
545.480,-6.340,-16.340,0.4600,-3.2500,0.0000,0.0000,130.700,-135.600,1.0493,7.6917,0.900
545.530,-0.900,-22.650,0.3900,-4.8500,0.0000,0.0000,98.400,-94.100,0.6698,7.9654,0.900
545.580,3.210,-24.730,0.3200,-6.0200,0.0000,0.0000,90.800,-14.100,0.5071,1.4815,0.900
545.630,8.070,-22.770,0.3000,-6.9100,0.0000,0.0000,116.000,85.300,0.6074,-10.2874,0.900
545.680,13.590,-16.530,0.1300,-7.5700,0.0000,0.0000,86.100,146.900,0.1954,-19.4086,0.900
545.730,15.150,-14.330,0.0600,-8.0400,0.0000,0.0000,1.200,-85.900,0.0013,12.0539,0.900
545.780,14.300,-18.070,0.0100,-3.9600,0.0000,0.0000,-38.500,-63.100,-0.0067,4.3612,0.900
545.830,9.260,-18.390,-0.4100,-0.2400,0.0000,0.0000,-142.500,20.000,1.0197,-0.0838,0.900
545.880,1.180,-16.990,-0.9200,1.3500,0.0000,0.0000,-171.900,47.500,2.7602,1.1192,0.900
545.930,-6.540,-13.490,-2.2400,2.1400,0.0000,0.0000,-148.400,125.200,5.8018,4.6762,0.900
545.980,-12.400,-7.520,-3.5900,3.1400,0.0000,0.0000,-153.200,76.900,9.5991,4.2144,0.900
546.030,-20.150,-2.890,-4.6400,3.7200,0.0000,0.0000,-126.600,113.300,10.2525,7.3561,0.900
546.080,-26.510,1.890,-5.2300,3.9300,0.0000,0.0000,-92.800,94.100,8.4709,6.4545,0.880
546.130,-28.160,5.650,-5.5900,2.4300,0.0000,0.0000,-11.300,79.300,1.1025,3.3632,0.880
546.180,-26.620,8.680,-4.8600,1.0800,0.0000,0.0000,51.900,92.200,-4.4023,1.7379,0.880
546.230,-22.710,13.050,-1.6700,0.7600,0.0000,0.0000,97.900,145.500,-2.8535,1.9300,0.880
546.280,-20.930,18.770,-0.1700,0.6100,0.0000,0.0000,-57.000,22.500,0.1691,0.2395,0.880
546.330,-24.000,18.800,0.6700,0.2700,0.0000,0.0000,-76.200,-13.400,-0.8911,-0.0631,0.880
546.380,-25.660,14.840,1.8000,0.1200,0.0000,0.0000,55.200,-122.400,1.7342,-0.2564,0.880
546.430,-23.790,7.900,2.4200,0.0500,0.0000,0.0000,45.700,-191.000,1.9302,-0.1667,0.880
546.480,-19.770,-0.640,2.7900,-0.2000,0.0000,0.0000,127.300,-174.500,6.1988,0.6091,0.880
546.530,-13.760,-7.270,2.0900,-0.1200,0.0000,0.0000,105.500,-173.500,3.8484,0.3634,0.880
546.580,-9.170,-15.720,0.9300,-1.6200,0.0000,0.0000,101.900,-135.000,1.6540,3.8170,0.880
546.630,-3.950,-20.170,0.8000,-3.2800,0.0000,0.0000,103.200,-112.900,1.4409,6.4632,0.880
546.680,-0.090,-23.960,0.5100,-4.7100,0.0000,0.0000,76.200,-55.800,0.6783,4.5870,0.880
546.730,3.920,-23.590,0.2400,-5.8200,0.0000,0.0000,103.800,54.600,0.4348,-5.5462,0.880
546.780,10.800,-18.120,0.1100,-6.7200,0.0000,0.0000,101.700,146.200,0.1952,-17.1472,0.880
546.830,13.390,-13.840,0.0500,-7.3600,0.0000,0.0000,36.300,-20.800,0.0317,2.6719,0.880
546.880,14.090,-16.980,0.0200,-7.6900,0.0000,0.0000,12.100,-91.400,0.0042,12.2673,0.880
546.930,12.450,-18.660,-0.4200,-2.5200,0.0000,0.0000,-69.900,39.700,0.5124,-1.7461,0.880
546.980,6.230,-17.360,-0.4000,0.2400,0.0000,0.0000,-170.400,9.100,1.1896,0.0381,0.880
547.030,-2.010,-15.490,-1.3400,0.4700,0.0000,0.0000,-165.500,92.900,3.8706,0.7621,0.880
547.080,-9.720,-9.780,-2.6000,1.9000,0.0000,0.0000,-149.100,125.900,6.7659,4.1750,0.880
547.130,-17.760,-4.470,-3.7000,2.9500,0.0000,0.0000,-133.100,106.300,8.5952,5.4731,0.880
547.180,-22.570,0.990,-4.4900,3.5900,0.0000,0.0000,-121.600,103.300,9.5292,6.4725,0.880
547.230,-26.960,4.460,-5.1700,3.2600,0.0000,0.0000,-75.100,89.700,6.7765,5.1037,0.880
547.280,-27.960,8.570,-5.4200,1.4400,0.0000,0.0000,10.700,77.800,-1.0122,1.9553,0.880
547.330,-25.640,11.790,-3.2900,0.6400,0.0000,0.0000,71.300,121.000,-4.0941,1.3516,0.880
547.380,-20.780,17.100,-0.7800,1.0500,0.0000,0.0000,100.100,103.200,-1.3627,1.8912,0.880
547.430,-20.950,19.410,0.3100,0.4700,0.0000,0.0000,-99.100,22.400,-0.5362,0.1837,0.880
547.480,-24.960,19.250,1.3000,0.2100,0.0000,0.0000,-38.900,-33.200,-0.8826,-0.1217,0.880
547.530,-23.770,13.960,2.0200,0.0900,0.0000,0.0000,50.000,-151.300,1.7628,-0.2377,0.880
547.580,-22.480,8.060,2.5200,0.0400,0.0000,0.0000,77.700,-186.700,3.4174,-0.1303,0.880
547.630,-16.350,-1.960,2.8000,-0.1500,0.0000,0.0000,166.100,-183.900,8.1172,0.4814,0.880
547.680,-10.410,-9.960,1.4800,-0.9100,0.0000,0.0000,89.700,-155.600,2.3170,2.4713,0.880
547.730,-5.790,-16.260,0.6600,-2.5600,0.0000,0.0000,106.300,-132.800,1.2245,5.9336,0.880
547.780,-0.740,-21.460,0.6100,-4.1700,0.0000,0.0000,93.400,-97.300,0.9944,7.0815,0.880
547.830,3.690,-24.020,0.2700,-5.4900,0.0000,0.0000,106.000,-19.500,0.4995,1.8685,0.880
547.880,5.530,-22.570,0.1200,-6.4600,0.0000,0.0000,91.700,66.000,0.1921,-7.4414,0.880
547.930,12.440,-18.520,0.0500,-7.2400,0.0000,0.0000,93.600,124.300,0.0817,-15.7068,0.880
547.980,14.770,-13.770,0.0200,-7.8300,0.0000,0.0000,20.300,-6.000,0.0071,0.8200,0.880
548.030,14.520,-17.020,0.0100,-6.2700,0.0000,0.0000,-25.800,-73.700,-0.0045,8.0651,0.880
548.080,9.930,-17.030,-0.4900,-1.6000,0.0000,0.0000,-138.400,46.500,1.1836,-1.2985,0.880
548.130,1.650,-16.080,-0.6900,0.8700,0.0000,0.0000,-182.100,31.100,2.1930,0.4722,0.880
548.180,-8.030,-11.030,-1.8600,1.1900,0.0000,0.0000,-153.400,137.000,4.9798,2.8454,0.880
548.230,-13.980,-5.520,-3.1300,2.5700,0.0000,0.0000,-147.100,87.400,8.0359,3.9203,0.880
548.280,-20.780,-1.870,-4.2000,3.3700,0.0000,0.0000,-135.900,102.000,9.9620,5.9994,0.880
548.330,-26.420,3.560,-5.0700,3.8500,0.0000,0.0000,-102.400,87.100,9.0612,5.8527,0.900
548.380,-28.970,7.170,-5.4800,2.8600,0.0000,0.0000,-15.400,81.900,1.4729,4.0882,0.900
548.430,-27.330,11.830,-4.7500,1.0900,0.0000,0.0000,62.600,120.900,-5.1897,2.3000,0.900
548.480,-22.330,16.870,-1.6300,0.7600,0.0000,0.0000,127.600,133.100,-3.6301,1.7655,0.900
548.530,-20.620,19.850,0.0800,0.6100,0.0000,0.0000,-79.000,8.900,-0.1103,0.0948,0.900
548.580,-23.640,19.210,0.9800,0.2700,0.0000,0.0000,-74.800,-39.000,-1.2794,-0.1838,0.900
548.630,-24.340,15.150,1.9000,0.1200,0.0000,0.0000,61.000,-145.900,2.0228,-0.3056,0.900
548.680,-23.020,5.680,2.4800,0.0500,0.0000,0.0000,25.800,-194.300,1.1167,-0.1696,0.900
548.730,-17.740,-3.270,2.8100,-0.1600,0.0000,0.0000,151.700,-187.300,7.4399,0.5230,0.900
548.780,-12.400,-11.520,1.7500,-0.5900,0.0000,0.0000,83.500,-158.300,2.5504,1.6301,0.900
548.830,-7.730,-18.130,0.7800,-2.3600,0.0000,0.0000,113.300,-135.900,1.5424,5.5977,0.900
548.880,-1.550,-23.500,0.6600,-4.1000,0.0000,0.0000,93.800,-97.700,1.0805,6.9913,0.900
548.930,1.350,-25.290,0.3100,-5.5600,0.0000,0.0000,70.200,-43.800,0.3798,4.2504,0.900
548.980,3.980,-24.030,0.1500,-6.6100,0.0000,0.0000,86.300,74.500,0.2259,-8.5948,0.900
549.030,10.470,-16.320,0.0700,-7.3600,0.0000,0.0000,107.500,150.100,0.1313,-19.2813,0.900
549.080,12.880,-14.510,0.0300,-7.7000,0.0000,0.0000,35.500,-110.200,0.0186,14.8098,0.900
549.130,12.470,-18.930,0.0100,-7.8200,0.0000,0.0000,-37.000,-70.400,-0.0065,9.6085,0.900
549.180,7.460,-18.110,-0.3800,-3.0500,0.0000,0.0000,-141.200,64.600,0.9365,-3.4388,0.900
549.230,-2.320,-17.120,-0.8900,0.1700,0.0000,0.0000,-177.600,17.800,2.7587,0.0528,0.900
549.280,-7.080,-10.500,-2.1500,1.0800,0.0000,0.0000,-158.900,138.000,5.9627,2.6012,0.900
549.330,-15.150,-6.540,-3.3500,2.3600,0.0000,0.0000,-132.700,80.100,7.7588,3.2993,0.900
549.380,-21.030,-1.420,-4.2200,3.2800,0.0000,0.0000,-127.100,87.600,9.3613,5.0148,0.900
549.430,-26.230,1.400,-4.9200,3.8100,0.0000,0.0000,-91.600,48.300,7.8657,3.2118,0.910
549.480,-27.490,3.320,-5.2500,3.3700,0.0000,0.0000,5.900,49.000,-0.5406,2.8821,0.910
549.530,-25.760,5.350,-3.3600,1.4900,0.0000,0.0000,59.300,61.400,-3.4775,1.5967,0.910
549.580,-19.830,8.780,-0.8900,0.6800,0.0000,0.0000,91.200,66.300,-1.4166,0.7869,0.910
549.630,-19.720,10.620,0.2600,0.7700,0.0000,0.0000,-82.500,22.400,-0.3744,0.3010,0.910
549.680,-23.120,10.920,1.3000,0.3400,0.0000,0.0000,-54.500,13.800,-1.2366,0.0819,0.910
549.730,-26.300,11.990,1.3200,0.1500,0.0000,0.0000,-45.800,38.400,-1.0552,0.1005,0.910
549.780,-26.170,13.050,1.6200,0.0700,0.0000,0.0000,28.800,42.400,0.8143,0.0518,0.910
549.830,-23.180,14.600,2.3700,-0.1500,0.0000,0.0000,65.800,28.200,2.7218,-0.0738,0.910
549.880,-18.800,15.470,1.1000,-0.0700,0.0000,0.0000,48.900,11.700,0.9388,-0.0143,0.910
549.930,-19.410,15.450,0.4900,-0.0300,0.0000,0.0000,-7.400,-15.400,-0.0633,0.0081,0.910
549.980,-18.030,14.310,0.3600,-0.0100,0.0000,0.0000,54.800,-44.300,0.3443,0.0077,0.910
550.030,-15.830,11.630,0.2400,-0.0100,0.0000,0.0000,57.900,-79.900,0.2425,0.0139,0.910
550.080,-13.130,5.400,0.7000,0.0000,0.0000,0.0000,40.800,-130.200,0.4985,-0.0000,0.910
550.130,-11.200,-1.110,0.3400,-0.9300,0.0000,0.0000,33.600,-145.000,0.1994,2.3536,0.910
550.180,-9.220,-6.130,0.1500,-4.0200,0.0000,0.0000,37.000,-122.300,0.0969,8.5808,0.910
550.230,-7.620,-11.710,0.0700,-5.2800,0.0000,0.0000,40.800,-103.100,0.0498,9.5010,0.910
550.280,-5.500,-14.780,0.0300,-6.6800,0.0000,0.0000,43.200,-90.300,0.0226,10.5279,0.910
550.330,-3.610,-17.370,0.0100,-7.4100,0.0000,0.0000,34.400,-34.200,0.0060,4.4230,0.910
550.380,-1.820,-17.570,0.0100,-7.6400,0.0000,0.0000,44.300,7.000,0.0077,-0.9334,0.910
550.430,0.880,-14.610,0.0000,-7.6800,0.0000,0.0000,67.100,62.400,0.0000,-8.3642,0.910
550.480,3.130,-12.160,0.0000,-6.3300,0.0000,0.0000,52.000,43.600,0.0000,-4.8169,0.910
550.530,3.410,-10.370,-0.0500,-5.1400,0.0000,0.0000,-21.700,31.100,0.0189,-2.7900,0.910
550.580,1.910,-8.740,-0.0300,-0.5100,0.0000,0.0000,-21.900,48.300,0.0115,-0.4299,0.910
550.630,0.820,-6.900,-0.0100,1.9800,0.0000,0.0000,-41.300,25.000,0.0072,0.8639,0.910
550.680,-1.940,-5.570,-0.4500,3.0900,0.0000,0.0000,-85.600,33.400,0.6723,1.8013,0.910
550.730,-6.590,-4.120,-1.4300,3.5300,0.0000,0.0000,-94.100,31.900,2.3486,1.9654,0.910
550.780,-11.170,-3.000,-2.1400,3.6900,0.0000,0.0000,-87.100,14.000,3.2532,0.9016,0.910
550.830,-13.740,-2.140,-1.6600,3.6600,0.0000,0.0000,-33.300,12.800,0.9648,0.8177,0.700
550.880,-14.540,-2.020,-1.0700,2.8200,0.0000,0.0000,-10.400,7.100,0.1942,0.3494,0.700
550.930,-13.910,-1.080,-0.4800,1.2500,0.0000,0.0000,22.700,13.700,-0.1902,0.2989,0.700
550.980,-11.470,-0.750,-0.2000,2.2000,0.0000,0.0000,41.900,12.100,-0.1463,0.4646,0.700
551.030,-10.200,-0.150,-0.0900,0.9800,0.0000,0.0000,19.200,9.900,-0.0302,0.1693,0.700
551.080,-8.840,0.290,-0.0400,0.4300,0.0000,0.0000,55.700,22.200,-0.0389,0.1666,0.700
551.130,-5.320,1.940,0.3200,0.1900,0.0000,0.0000,69.800,33.800,0.3898,0.1121,0.700
551.180,-3.530,2.560,0.6700,0.0900,0.0000,0.0000,31.800,-0.700,0.3719,-0.0011,0.700
551.230,-1.560,2.110,0.9100,0.0400,0.0000,0.0000,36.300,-9.300,0.5765,-0.0065,0.700
551.280,-0.160,1.710,0.8500,0.0200,0.0000,0.0000,26.200,2.800,0.3887,0.0010,0.700
551.330,0.560,1.800,0.3900,0.0100,0.0000,0.0000,15.100,4.000,0.1028,0.0007,0.700
551.380,0.890,1.950,0.1700,0.0000,0.0000,0.0000,3.000,3.700,0.0089,0.0000,0.700
551.430,1.030,1.960,0.0800,0.0000,0.0000,0.0000,2.800,3.000,0.0039,0.0000,0.700
551.480,1.270,1.780,0.0300,0.0000,0.0000,0.0000,5.400,0.500,0.0028,0.0000,0.700
551.530,1.400,1.670,0.0200,0.0000,0.0000,0.0000,-2.700,2.000,-0.0009,0.0000,0.700
551.580,1.280,1.600,0.0100,0.0000,0.0000,0.0000,-3.500,0.400,-0.0006,0.0000,0.700
551.630,1.280,1.500,0.0000,0.0000,0.0000,0.0000,0.500,0.700,0.0000,0.0000,0.700
551.680,1.230,1.470,0.0000,0.0000,0.0000,0.0000,-3.500,1.000,-0.0000,0.0000,0.700
551.730,1.080,1.540,0.0000,0.0000,0.0000,0.0000,-4.200,1.300,-0.0000,0.0000,0.700
551.780,0.890,1.530,0.0000,0.0000,0.0000,0.0000,-1.800,-0.100,-0.0000,-0.0000,0.700
551.830,0.700,1.450,0.0000,0.0000,0.0000,0.0000,-3.400,-0.200,-0.0000,-0.0000,0.700
551.880,0.460,1.480,0.0000,0.0000,0.0000,0.0000,-4.500,0.800,-0.0000,0.0000,0.700
551.930,0.190,1.460,0.0000,0.0000,0.0000,0.0000,-5.600,0.700,-0.0000,0.0000,0.700
551.980,-0.110,1.480,0.0000,0.0000,0.0000,0.0000,-3.400,1.300,-0.0000,0.0000,0.700
552.030,-0.190,1.460,0.0000,0.0000,0.0000,0.0000,-1.100,0.100,-0.0000,0.0000,0.700
552.080,-0.340,1.490,0.0000,0.0000,0.0000,0.0000,-2.600,2.800,-0.0000,0.0000,0.700
552.130,-0.530,1.660,0.0000,0.0000,0.0000,0.0000,-1.300,6.800,-0.0000,0.0000,0.700
552.180,-0.620,1.950,0.0000,0.0000,0.0000,0.0000,1.500,3.400,0.0000,0.0000,0.700
552.230,-0.680,2.040,0.0000,0.0000,0.0000,0.0000,1.000,3.200,0.0000,0.0000,0.700
552.280,-0.760,2.260,0.0000,0.0000,0.0000,0.0000,2.400,2.700,0.0000,0.0000,0.700
552.330,-0.820,2.400,0.0000,0.0000,0.0000,0.0000,2.300,2.000,0.0000,0.0000,0.700
552.380,-0.810,2.550,0.0000,0.0000,0.0000,0.0000,4.200,1.600,0.0000,0.0000,0.700
552.430,-0.740,2.610,0.0000,0.0000,0.0000,0.0000,3.800,0.800,0.0000,0.0000,0.700
552.480,-0.550,2.670,0.0000,0.0000,0.0000,0.0000,3.400,2.600,0.0000,0.0000,0.700
552.530,-0.420,2.740,0.0000,0.0000,0.0000,0.0000,2.100,2.300,0.0000,0.0000,0.700
552.580,-0.180,2.710,0.0000,0.0000,0.0000,0.0000,4.200,0.100,0.0000,0.0000,0.700
552.630,0.120,2.630,0.0000,0.0000,0.0000,0.0000,5.300,-1.500,0.0000,-0.0000,0.700
552.680,0.340,2.500,0.0000,0.0000,0.0000,0.0000,3.900,1.300,0.0000,0.0000,0.700
552.730,0.520,2.460,0.0000,0.0000,0.0000,0.0000,0.100,1.000,0.0000,0.0000,0.700
552.780,0.630,2.400,0.0000,0.0000,0.0000,0.0000,0.300,-0.400,0.0000,-0.0000,0.700
552.830,0.730,2.230,0.0000,0.0000,0.0000,0.0000,-2.000,-3.900,-0.0000,-0.0000,0.700
552.880,0.730,1.990,0.0000,0.0000,0.0000,0.0000,-4.000,-1.800,-0.0000,-0.0000,0.700
552.930,0.690,1.870,0.0000,0.0000,0.0000,0.0000,-2.400,0.000,-0.0000,0.0000,0.700
552.980,0.710,1.790,0.0000,0.0000,0.0000,0.0000,-0.900,-0.400,-0.0000,-0.0000,0.700
553.030,0.660,1.620,0.0000,0.0000,0.0000,0.0000,-1.400,-2.800,-0.0000,-0.0000,0.700
553.080,0.460,1.380,0.0000,0.0000,0.0000,0.0000,-3.700,-4.600,-0.0000,-0.0000,0.700
553.130,0.190,1.130,0.0000,0.0000,0.0000,0.0000,-4.200,-4.200,-0.0000,-0.0000,0.700
553.180,-0.060,0.960,0.0000,0.0000,0.0000,0.0000,-4.300,-3.600,-0.0000,-0.0000,0.700
553.230,-0.230,0.790,0.0000,0.0000,0.0000,0.0000,-2.700,-0.500,-0.0000,-0.0000,0.700
553.280,-0.320,0.690,0.0000,0.0000,0.0000,0.0000,-1.500,-1.900,-0.0000,-0.0000,0.700
553.330,-0.460,0.590,0.0000,0.0000,0.0000,0.0000,-3.100,-1.500,-0.0000,-0.0000,0.700
553.380,-0.630,0.340,0.0000,0.0000,0.0000,0.0000,-4.000,-3.600,-0.0000,-0.0000,0.700
553.430,-0.760,0.150,0.0000,0.0000,0.0000,0.0000,-0.400,-2.400,-0.0000,-0.0000,0.700
553.480,-0.630,0.000,0.0000,0.0000,0.0000,0.0000,3.800,-1.700,0.0000,-0.0000,0.700
553.530,-0.250,-0.110,0.0000,0.0000,0.0000,0.0000,1.100,-2.700,0.0000,-0.0000,0.700
553.580,-0.530,-0.280,0.0000,0.0000,0.0000,0.0000,-4.000,-1.900,-0.0000,-0.0000,0.700
553.630,-0.790,-0.410,0.0000,0.0000,0.0000,0.0000,-3.600,0.000,-0.0000,0.0000,0.700
553.680,-0.890,-0.560,0.0000,0.0000,0.0000,0.0000,-0.400,-1.300,-0.0000,-0.0000,0.700
553.730,-0.900,-0.660,0.0000,0.0000,0.0000,0.0000,-2.100,-1.300,-0.0000,-0.0000,0.700
553.780,-1.030,-0.800,0.0000,0.0000,0.0000,0.0000,-4.700,-1.200,-0.0000,-0.0000,0.700
553.830,-1.230,-0.990,0.0000,0.0000,0.0000,0.0000,-2.700,-3.200,-0.0000,-0.0000,0.700
553.880,-1.280,-1.140,0.0000,0.0000,0.0000,0.0000,0.000,-3.100,0.0000,-0.0000,0.700
553.930,-1.310,-1.350,0.0000,0.0000,0.0000,0.0000,-0.800,-3.000,-0.0000,-0.0000,0.700
553.980,-1.420,-1.500,0.0000,0.0000,0.0000,0.0000,-1.200,-1.200,-0.0000,-0.0000,0.700
554.030,-1.440,-1.560,0.0000,0.0000,0.0000,0.0000,1.500,0.500,0.0000,0.0000,0.700
554.080,-1.420,-1.590,0.0000,0.0000,0.0000,0.0000,0.800,0.200,0.0000,0.0000,0.700
554.130,-1.410,-1.610,0.0000,0.0000,0.0000,0.0000,-0.700,2.500,-0.0000,0.0000,0.700
554.180,-1.480,-1.550,0.0000,0.0000,0.0000,0.0000,-1.300,1.900,-0.0000,0.0000,0.700
554.230,-1.580,-1.540,0.0000,0.0000,0.0000,0.0000,-1.800,0.200,-0.0000,0.0000,0.700
554.280,-1.690,-1.500,0.0000,0.0000,0.0000,0.0000,-0.500,0.000,-0.0000,0.0000,0.700
554.330,-1.790,-1.410,0.0000,0.0000,0.0000,0.0000,0.400,2.400,0.0000,0.0000,0.700
554.380,-1.900,-1.100,0.0000,0.0000,0.0000,0.0000,0.000,5.400,0.0000,0.0000,0.700
554.430,-2.050,-0.780,0.0000,0.0000,0.0000,0.0000,-0.900,2.400,-0.0000,0.0000,0.700
554.480,-2.250,-0.630,0.0000,0.0000,0.0000,0.0000,-1.300,-0.400,-0.0000,-0.0000,0.700
554.530,-2.500,-0.640,0.0000,0.0000,0.0000,0.0000,-4.500,-1.700,-0.0000,-0.0000,0.700
554.580,-2.980,-0.620,0.0000,0.0000,0.0000,0.0000,-9.900,1.400,-0.0000,0.0000,0.700
554.630,-3.410,-0.440,0.0000,0.0000,0.0000,0.0000,-5.700,4.200,-0.0000,0.0000,0.700
554.680,-3.710,-0.280,0.0000,0.0000,0.0000,0.0000,-5.500,3.200,-0.0000,0.0000,0.700
554.730,-3.840,-0.170,0.0000,0.0000,0.0000,0.0000,1.600,0.900,0.0000,0.0000,0.700
554.780,-3.800,-0.170,0.0000,0.0000,0.0000,0.0000,1.000,-0.100,0.0000,-0.0000,0.700
554.830,-3.920,-0.060,0.0000,0.0000,0.0000,0.0000,0.300,2.800,0.0000,0.0000,0.700
554.880,-3.930,0.110,0.0000,0.0000,0.0000,0.0000,1.600,3.200,0.0000,0.0000,0.700
554.930,-3.880,0.200,0.0000,0.0000,0.0000,0.0000,2.600,1.300,0.0000,0.0000,0.700
554.980,-3.770,0.280,0.0000,0.0000,0.0000,0.0000,2.200,1.300,0.0000,0.0000,0.700
555.030,-3.720,0.250,0.0000,0.0000,0.0000,0.0000,0.100,-2.300,0.0000,-0.0000,0.700
555.080,-3.760,0.190,0.0000,0.0000,0.0000,0.0000,-2.400,0.400,-0.0000,0.0000,0.700
555.130,-3.730,0.250,0.0000,0.0000,0.0000,0.0000,-0.200,3.500,-0.0000,0.0000,0.700
555.180,-3.730,0.310,0.0000,0.0000,0.0000,0.0000,1.300,-0.900,0.0000,-0.0000,0.700
555.230,-3.770,0.100,0.0000,0.0000,0.0000,0.0000,-1.000,-8.000,-0.0000,-0.0000,0.700
555.280,-3.850,-0.240,0.0000,0.0000,0.0000,0.0000,-2.800,-10.600,-0.0000,-0.0000,0.700
555.330,-3.990,-0.660,0.0000,0.0000,0.0000,0.0000,-3.200,-7.100,-0.0000,-0.0000,0.700
555.380,-4.020,-0.910,0.0000,0.0000,0.0000,0.0000,-3.400,-1.600,-0.0000,-0.0000,0.700
555.430,-3.960,-0.910,0.0000,0.0000,0.0000,0.0000,-1.600,3.700,-0.0000,0.0000,0.700
555.480,-3.920,-0.940,0.0000,0.0000,0.0000,0.0000,-2.400,-2.600,-0.0000,-0.0000,0.700
555.530,-3.970,-1.300,0.0000,0.0000,0.0000,0.0000,-0.400,-6.500,-0.0000,-0.0000,0.700
555.580,-3.940,-1.700,0.0000,0.0000,0.0000,0.0000,0.400,-7.700,0.0000,-0.0000,0.700
555.630,-4.070,-1.970,0.0000,0.0000,0.0000,0.0000,-4.300,-8.600,-0.0000,-0.0000,0.700
555.680,-4.250,-2.540,0.0000,0.0000,0.0000,0.0000,-1.500,-8.900,-0.0000,-0.0000,0.700
555.730,-4.250,-3.240,0.0000,0.0000,0.0000,0.0000,-0.500,-11.200,-0.0000,-0.0000,0.700
555.780,-4.230,-4.050,0.0000,0.0000,0.0000,0.0000,0.700,-19.100,0.0000,-0.0000,0.700
555.830,-4.120,-5.280,0.0000,0.0000,0.0000,0.0000,0.600,-26.700,0.0000,-0.0000,0.700
555.880,-4.390,-6.840,0.0000,0.0000,0.0000,0.0000,-7.600,-29.400,-0.0000,-0.0000,0.700
555.930,-4.410,-8.300,0.0000,0.0000,0.0000,0.0000,0.200,-22.300,0.0000,-0.0000,0.700
555.980,-4.410,-9.070,0.0000,0.0000,0.0000,0.0000,-7.100,-8.100,-0.0000,-0.0000,0.700
556.030,-4.800,-9.690,0.0000,0.0000,0.0000,0.0000,-5.700,2.300,-0.0000,0.0000,0.700
556.080,-4.980,-9.620,0.0000,0.0000,0.0000,0.0000,-7.600,15.300,-0.0000,0.0000,0.700
556.130,-5.260,-8.460,0.0000,0.0000,0.0000,0.0000,-11.400,34.400,-0.0000,0.0000,0.700
556.180,-5.410,-7.300,0.0000,0.0000,0.0000,0.0000,-5.600,30.400,-0.0000,0.0000,0.700
556.230,-5.240,-6.920,0.0000,0.0000,0.0000,0.0000,-6.200,18.900,-0.0000,0.0000,0.700
556.280,-5.170,-7.540,0.0000,0.0000,0.0000,0.0000,-9.500,5.200,-0.0000,0.0000,0.700
556.330,-5.170,-8.850,0.0000,0.0000,0.0000,0.0000,-6.800,0.400,-0.0000,0.0000,0.700
556.380,-5.140,-10.410,0.0000,0.0000,0.0000,0.0000,-12.600,15.300,-0.0000,0.0000,0.700
556.430,-5.000,-11.440,0.0000,0.0000,0.0000,0.0000,-9.100,29.100,-0.0000,0.0000,0.700
556.480,-4.840,-11.850,0.0000,0.0000,0.0000,0.0000,-13.300,32.200,-0.0000,0.0000,0.700
556.530,-4.790,-11.770,0.0000,0.0000,0.0000,0.0000,-10.600,36.400,-0.0000,0.0000,0.700
556.580,-4.650,-12.280,0.0000,0.0000,0.0000,0.0000,-11.700,16.300,-0.0000,0.0000,0.700
556.630,-4.760,-12.510,0.0000,0.0000,0.0000,0.0000,-9.900,15.000,-0.0000,0.0000,0.700
556.680,-5.020,-11.610,0.0000,0.0000,0.0000,0.0000,-28.300,25.100,-0.0000,0.0000,0.700
556.730,-7.110,-13.250,0.0000,0.0000,0.0000,0.0000,-58.800,-50.000,-0.0000,-0.0000,0.700
556.780,-10.210,-15.020,-0.0100,0.0000,0.0000,0.0000,-80.200,2.100,0.0140,0.0000,0.700
556.830,-12.340,-14.560,0.0000,0.0000,0.0000,0.0000,-73.700,50.400,-0.0000,0.0000,0.700
556.880,-14.740,-13.190,-0.0800,0.0000,0.0000,0.0000,-99.100,12.500,0.1384,0.0000,0.700
556.930,-18.340,-12.170,-0.1400,0.0000,0.0000,0.0000,-68.400,29.500,0.1671,0.0000,0.700
556.980,-20.840,-11.140,-0.1000,-0.0100,0.0000,0.0000,-66.700,29.700,0.1164,-0.0052,0.700
557.030,-23.850,-10.000,-0.3700,0.0000,0.0000,0.0000,-72.600,29.500,0.4688,0.0000,0.700
557.080,-26.760,-9.400,-0.5100,0.0000,0.0000,0.0000,-93.400,6.300,0.8314,0.0000,0.700
557.130,-30.650,-8.980,-0.3600,0.0000,0.0000,0.0000,-58.800,22.200,0.3695,0.0000,0.700
557.180,-32.800,-8.770,-0.1500,0.0000,0.0000,0.0000,-21.100,11.200,0.0552,0.0000,0.700
557.230,-32.790,-9.240,-0.0700,0.0000,0.0000,0.0000,28.300,-18.500,-0.0346,-0.0000,0.700
557.280,-30.840,-10.030,-0.0300,0.0000,0.0000,0.0000,48.300,3.400,-0.0253,0.0000,0.700
557.330,-27.820,-9.380,0.1000,0.0000,0.0000,0.0000,75.100,12.000,0.1311,0.0000,0.700
557.380,-24.530,-8.790,0.0500,0.0000,0.0000,0.0000,54.600,29.900,0.0476,0.0000,0.700
557.430,-21.700,-6.410,0.0900,0.0000,0.0000,0.0000,58.700,50.200,0.0922,0.0000,0.700
557.480,-19.450,-3.980,0.1900,0.0000,0.0000,0.0000,44.500,44.500,0.1476,0.0000,0.700
557.530,-16.930,-3.520,0.1800,0.0000,0.0000,0.0000,59.600,-33.600,0.1872,-0.0000,0.700
557.580,-14.070,-8.240,0.1300,0.0000,0.0000,0.0000,142.000,-150.300,0.3222,-0.0000,0.700
557.630,-10.760,-14.920,0.0600,0.0000,0.0000,0.0000,48.000,-152.800,0.0503,-0.0000,0.700
557.680,-8.590,-20.500,0.0300,0.0000,0.0000,0.0000,45.300,-138.700,0.0237,-0.0000,0.700
557.730,-6.520,-27.290,0.0100,-0.0500,0.0000,0.0000,57.600,-183.100,0.0101,0.1598,0.700
557.780,-2.730,-35.420,0.0100,-1.6200,0.0000,0.0000,98.000,-123.200,0.0171,3.4834,0.700
557.830,1.580,-39.640,0.0000,-2.3400,0.0000,0.0000,67.700,-59.900,0.0000,2.4464,0.700
557.880,5.620,-40.680,0.0000,-2.7500,0.0000,0.0000,80.700,4.400,0.0000,-0.2112,0.700
557.930,9.460,-37.310,0.0000,-3.1600,0.0000,0.0000,81.700,105.700,0.0000,-5.8296,0.700
557.980,12.110,-32.420,0.0000,-3.2300,0.0000,0.0000,34.700,94.700,0.0000,-5.3386,0.700
558.030,12.740,-28.350,-0.2200,-3.1100,0.0000,0.0000,11.000,49.300,-0.0422,-2.6760,0.700
558.080,12.620,-27.250,-0.1500,-2.9600,0.0000,0.0000,-23.000,6.000,0.0602,-0.3100,0.700
558.130,8.740,-26.240,-0.3500,-1.3200,0.0000,0.0000,-128.000,-29.700,0.7819,0.6842,0.700
558.180,0.320,-28.020,-1.3900,-0.5600,0.0000,0.0000,-197.100,23.100,4.7817,-0.2258,0.700
558.230,-8.490,-23.800,-2.7000,0.5200,0.0000,0.0000,-155.800,85.300,7.3419,0.7742,0.700
558.280,-15.290,-18.760,-4.0700,0.9300,0.0000,0.0000,-133.400,85.700,9.4761,1.3910,0.700
558.330,-21.900,-14.190,-5.2900,1.2400,0.0000,0.0000,-129.500,100.300,11.9565,2.1707,0.700
558.380,-27.930,-9.860,-6.2000,1.2000,0.0000,0.0000,-97.700,84.000,10.5722,1.7593,0.700
558.430,-30.250,-7.720,-6.6100,1.4400,0.0000,0.0000,-24.800,65.200,2.8611,1.6387,0.690
558.480,-29.910,-4.170,-6.6700,1.4800,0.0000,0.0000,28.600,62.300,-3.3294,1.6093,0.690
558.530,-25.450,-1.900,-3.3800,1.0400,0.0000,0.0000,93.300,62.900,-5.5040,1.1417,0.690
558.580,-22.870,-1.530,-1.1700,0.4600,0.0000,0.0000,-6.200,-69.300,0.1266,-0.5564,0.690
558.630,-26.230,-8.400,-1.5000,0.2000,0.0000,0.0000,83.800,-214.500,-2.1939,-0.7487,0.690
558.680,-27.040,-14.420,-0.8900,0.1000,0.0000,0.0000,-36.800,-214.700,0.5716,-0.3747,0.690
558.730,-24.830,-20.750,1.1600,0.1100,0.0000,0.0000,51.100,-130.400,1.0346,-0.2504,0.690
558.780,-22.640,-26.490,2.3200,0.0500,0.0000,0.0000,52.600,-58.300,2.1299,-0.0509,0.690
558.830,-19.790,-27.650,2.9600,-1.3900,0.0000,0.0000,45.800,-23.800,2.3661,0.5774,0.690
558.880,-17.600,-25.860,3.2600,-1.6700,0.0000,0.0000,61.300,39.100,3.4878,-1.1396,0.690
558.930,-14.200,-22.090,2.7500,-1.3200,0.0000,0.0000,67.500,99.900,3.2398,-2.3015,0.690
558.980,-11.640,-12.970,1.2200,-1.0700,0.0000,0.0000,35.000,128.800,0.7453,-2.4053,0.690
559.030,-10.060,-8.640,0.9600,-0.7000,0.0000,0.0000,16.800,43.900,0.2815,-0.5363,0.690
559.080,-10.620,-5.900,0.0600,-1.0300,0.0000,0.0000,-24.300,18.200,-0.0254,-0.3272,0.690
559.130,-12.680,-5.520,-2.4000,-0.4600,0.0000,0.0000,-57.400,5.600,2.4044,-0.0450,1.370
559.180,-14.420,-4.960,-1.0600,-0.2000,0.0000,0.0000,-12.600,-14.500,0.2331,0.0506,1.370
559.230,-16.050,-3.960,-0.4700,-0.0900,0.0000,0.0000,-20.400,4.500,0.1673,-0.0071,1.370
559.280,-17.990,-3.110,-0.1100,0.8800,0.0000,0.0000,-16.300,19.400,0.0313,0.2980,1.370
559.330,-20.250,-1.080,1.1500,1.0800,0.0000,0.0000,-8.700,46.900,-0.1746,0.8840,1.370
559.380,-21.500,1.790,0.7100,0.2600,0.0000,0.0000,0.700,51.900,0.0087,0.2355,1.370
559.430,-21.090,4.540,0.3200,0.1200,0.0000,0.0000,36.800,47.300,0.2055,0.0991,1.370
559.480,-20.300,5.700,0.1400,0.0500,0.0000,0.0000,45.200,17.000,0.1104,0.0148,1.370
559.530,-19.910,6.450,0.0600,0.0200,0.0000,0.0000,45.300,-6.300,0.0474,-0.0022,1.370
559.580,-18.820,5.750,0.0300,0.0100,0.0000,0.0000,55.500,-14.400,0.0291,-0.0025,1.370
559.630,-17.830,5.850,0.0100,0.0000,0.0000,0.0000,33.300,8.800,0.0058,0.0000,1.370
559.680,-16.690,6.560,0.0100,0.0000,0.0000,0.0000,40.300,5.100,0.0070,0.0000,1.370
559.730,-15.350,6.560,0.0000,0.0000,0.0000,0.0000,24.800,-27.800,0.0000,-0.0000,1.370
559.780,-16.030,5.070,-0.0300,0.0000,0.0000,0.0000,-23.500,-64.300,0.0123,-0.0000,1.370
559.830,-15.870,1.100,-0.0100,0.0000,0.0000,0.0000,23.300,-115.400,-0.0041,-0.0000,1.370
559.880,-15.660,-6.310,-0.0100,0.0000,0.0000,0.0000,32.700,-146.300,-0.0057,-0.0000,1.370
559.930,-14.260,-12.080,0.0000,0.0000,0.0000,0.0000,32.200,-115.200,0.0000,-0.0000,1.370
559.980,-12.600,-16.810,0.0000,-0.5000,0.0000,0.0000,42.500,-104.800,0.0000,0.9146,1.370
560.030,-10.800,-20.020,0.0100,-3.0800,0.0000,0.0000,56.200,-100.000,0.0098,5.3756,1.370
560.080,-8.230,-23.940,0.0000,-5.2000,0.0000,0.0000,38.500,-58.000,0.0000,5.2639,1.370
560.130,-6.940,-26.070,0.0000,-6.6700,0.0000,0.0000,22.200,-36.100,0.0000,4.2025,1.370
560.180,-6.070,-26.950,0.0000,-7.1800,0.0000,0.0000,22.500,-25.300,0.0000,3.1705,1.370
560.230,-5.110,-27.350,0.0000,-6.6400,0.0000,0.0000,27.300,14.000,0.0000,-1.6225,1.370
560.280,-3.610,-26.320,0.0000,-4.7900,0.0000,0.0000,36.700,28.300,0.0000,-2.3659,1.370
560.330,-2.280,-25.150,0.0000,-2.7000,0.0000,0.0000,36.500,18.700,0.0000,-0.8812,1.370
560.380,-1.440,-25.020,0.0000,0.5400,0.0000,0.0000,3.300,-7.500,0.0000,-0.0707,1.370
560.430,-2.100,-26.320,0.0000,2.3000,0.0000,0.0000,-9.800,-28.100,-0.0000,-1.1280,1.370
560.480,-3.070,-26.890,-0.9600,2.9500,0.0000,0.0000,-30.900,10.900,0.5177,0.5612,1.370
560.530,-5.690,-26.860,-4.1200,2.9300,0.0000,0.0000,-67.600,-23.400,4.8610,-1.1966,1.370
560.580,-8.020,-32.580,-4.8000,1.9500,0.0000,0.0000,-40.000,-43.400,3.3510,-1.4771,1.370
560.630,-9.490,-35.130,-3.9000,0.8600,0.0000,0.0000,-26.300,-46.900,1.7902,-0.7040,1.370
560.680,-12.180,-36.770,-5.3800,0.3600,0.0000,0.0000,-31.300,-19.200,2.9390,-0.1206,1.370
560.730,-14.520,-36.500,-4.2600,-0.1500,0.0000,0.0000,-50.800,2.000,3.7770,-0.0052,1.370
560.780,-16.640,-36.160,-3.9400,-2.7900,0.0000,0.0000,-33.800,-2.600,2.3243,0.1266,1.370
560.830,-18.800,-36.040,-5.2700,-5.2100,0.0000,0.0000,-36.100,3.800,3.3204,-0.3455,1.370
560.880,-20.730,-35.880,-5.4000,-6.4500,0.0000,0.0000,-33.300,3.300,3.1385,-0.3715,1.370
560.930,-22.600,-35.430,-4.2700,-4.7700,0.0000,0.0000,-34.600,10.600,2.5786,-0.8825,1.370
560.980,-23.620,-34.870,-3.2900,-1.6000,0.0000,0.0000,-23.400,10.400,1.3437,-0.2904,1.370
561.030,-24.420,-34.460,-0.3500,1.2300,0.0000,0.0000,-13.100,4.000,0.0800,0.0859,1.370
561.080,-24.940,-34.210,1.9200,2.1800,0.0000,0.0000,-3.100,10.600,-0.1039,0.4033,1.370
561.130,-25.150,-33.600,2.7900,2.9500,0.0000,0.0000,0.500,3.100,0.0243,0.1596,1.370
561.180,-25.410,-33.570,3.3900,2.0100,0.0000,0.0000,-13.400,-3.600,-0.7928,-0.1263,1.370
561.230,-25.550,-33.690,2.4800,0.8900,0.0000,0.0000,-10.200,-5.700,-0.4415,-0.0885,1.370
561.280,-24.760,-34.130,1.2000,0.4000,0.0000,0.0000,16.100,-2.600,0.3372,-0.0182,1.370
561.330,-24.150,-34.420,0.5300,0.1800,0.0000,0.0000,11.500,-8.400,0.1064,-0.0264,1.370
561.380,-23.920,-34.730,0.2400,0.0800,0.0000,0.0000,1.000,-8.200,0.0042,-0.0114,1.370
561.430,-24.590,-34.960,0.1000,0.0300,0.0000,0.0000,-15.300,-1.700,-0.0267,-0.0009,1.370
